Codigo de Barras,Articulo,Precio Unitario
101,Aguacate kg,$140.00
102,Ajo kg,$200.00
103,Apio 1pz,$5.00
104,Arandano 100 gr,$17.00
105,Betabel kg,$38.00
106,Brocoli kg,$51.00
107,Cacahuate 150 gr,$12.00
108,Calabacita Italiana kg,$40.00
109,Cebolla kg,$35.00
110,Cebolla Morada kg,$50.00
111,Chayote kg,$65.00
112,Chile Jalapeño kg,$34.00
113,Chile Morron kg,$75.00
114,Chile Morron Rojo kg,$130.00
115,Chile Poblano kg,$70.00
116,Chile Serrano kg,$49.00
117,Cilantro x Manojo,$15.00
118,Ciruela kg,$15.00
119,Coliflor 1pz,$75.00
120,Durazno kg,$49.00
121,Elote 1pz,$16.00
122,Espinaca 1pz,$25.00
123,Frijol Peruano kg.,$50.00
124,Frijol Pinto kg.,$46.00
125,Guayaba kg,$70.00
126,Jicama kg,$20.00
127,Lechuga 1pz,$36.00
128,Limon kg,$53.00
129,Maiz Palomero 250 gr,$15.00
130,Mango Ataulfo kg,$99.00
131,Manzana Golden kg,$99.00
132,Manzana Roja kg,$99.00
133,Mix Frutos Secos 250 gr,$75.00
134,Naranja kg,$40.00
135,Nopal  x Bolsa,$20.00
136,Nuez 100 gr,$50.00
137,Papa kg,$46.00
138,Papa Galeana kg,$45.00
139,Papaya kg,$48.00
140,Pera kg,$98.00
141,Pepino kg,$37.00
142,Piloncillo kg,$42.00
143,Piña 1pz,$70.00
144,Platano kg,$53.00
145,Repollo kg,$24.00
146,Tomate Bola kg,$52.00
147,Tomate Fresadilla kg,$46.00
148,Tomate Huaje kg,$38.00
149,Uva Pasa 250 gr,$25.00
150,Zanahoria kg,$30.00
298870,Ajo Molido 60 gr,$6.00
395246,Ajonjoli 70 gr,$10.00
236463,Almendra 40 gr,$20.00
65287,Azucar Glass 100 gr,$6.00
1501,Bicarbonato 45 gr,$4.00
425405,Canela Entera 14 gr,$15.00
983126,Canela Molida 14 gr,$15.00
96306,Chile Cambray 15 gr,$5.00
343815,Chile Japones 10 gr,$16.00
20801,Chile Molido 40 gr,$4.00
447339,Clavo 5 gr,$6.00
863876,Coco Rallado 40 gr,$6.00
458010,Comino Entero 18 gr,$5.00
481468,Comino Molido 18 gr,$5.00
862741,Corazon Nuez 25 gr,$20.00
498614,Laurel 10 gr,$7.00
20539,Maiz Rosero 100 gr,$6.00
653580,Mejorana 10 gr,$4.00
402195,Oregano 10 gr,$15.00
222133,Pimienta Negra E 10 gr,$6.00
485471,Pimienta Negra M 10 gr,$6.00
422411,Pulpa Camaron 25 gr,$16.00
238237,Tomillo 10 gr,$4.00
315873,Uva Pasa 60 gr,$8.00
570749,Chile Ancho Entero 50 gr,$15.00
917504,Chile Cascabel Entero 50 gr,$12.00
784405,Pimienta Limon 50 gr,$5.00
892476,Ciruela Pasa 45 gr,$20.00
201,Huevo kg,$59.00
202,Huevo Tapa pza,$110.00
203,Tortilla Hidalgo 1 kg.,$26.00
204,Tortilla Hidalgo 500 gr,$13.00
205,Tortillas La Luz 1 kg.,$27.00
206,Tortillas La Luz 500 gr,$14.00
207,Pan Dulce pz,$14.00
208,Pan Dulce $25 pz,$25.00
209,Pan Blanco pz,$7.00
210,Frijoles Maru 1/2 L,$22.00
211,Hoja para Tamal Paquete,$130.00
301,Bonafont 20 lto,$62.00
302,Bonafont 10 lto,$50.00
303,Bonafont 5 lto,$40.00
304,Ciel 5 lto,$35.00
305,Epura 20 lto,$62.00
306,Epura 10 lto,$50.00
307,Epura 5 lto,$35.00
401,Alpistle kg.,$32.00
402,Conejina kg.,$15.00
403,Mixtura kg.,$32.00
404,Revoltura kg.,$15.00
405,Semilla de Girasol 500 gr,$20.00
406,Alimento para Mascotas kg,$60.00
501,Escoba Mediana,$70.00
502,Escoba Grande,$100.00
503,Escoba Plastico,$75.00
504,Trapedor,$100.00
505,Recogedor,$30.00
506,Bolsa de Basura Med 1pz,$4.00
507,Bolsa de Basura Gde 1pz,$8.00
508,Bolsa Camiseta Jumbo 1pz,$3.00
509,Bolsa para Bollo 100 gr,$15.00
701,C. Cascaron Huevo Ch,$8.00
702,C. Cascaron Huevo Med,$16.00
703,C. Cascaron Huevo Gde,$32.00
704,Hoja Carta Opalina,$3.00
705,Hoja Maq. Blanca Carta,$0.50
706,Hoja Maq. Blanca Oficio,$0.50
707,Hoja Ministro Paquete con 5,$15.00
708,Hoja Solicitud de Empleo,$3.00
709,Lapiz,$8.00
710,Lapiz Bicolor,$12.00
711,Legajo Carta Clasico,$4.00
712,Legajo Carta Colores,$6.00
713,Legajo Oficio,$6.00
714,Pincel Chicos,$6.00
715,Pincel Grande,$10.00
716,Pluma,$8.00
717,Regla 30 cm,$10.00
718,Sacapuntas Metalico,$10.00
719,Sacapuntas Plastico,$5.00
720,Barra de Silicon,$5.00
721,Sobre Blanco Carta,$2.00
722,Sobre Blanco Oficio,$2.00
723,Sobre Regalo,$15.00
724,Sobre Mini Regalo,$5.00
7501073839212,Peñafiel Twist Limon 1 L,$22.00
21136010480,Topo Chico 1.5 L,$32.00
21136414592,Topo Chico Sangria 1.5 L,$32.00
7501073831957,Peñafiel Mandarina 2 L,$32.00
7501073831995,Peñafiel Sangria 2 L,$32.00
7501073831964,Peñafiel Fresa 2 L,$32.00
7501073831988,Peñafiel Manzanita 2 L,$32.00
7501073839861,Peñafiel Naranjada 2 L,$32.00
7501073840942,Peñafiel Toronjada 2 L,$32.00
7501073839892,Peñafiel Limonada 2 L,$32.00
7501073841949,Peñafiel Piñada 2 L,$32.00
7501073800908,Peñafiel Agua Mineral 2 L,$32.00
7501073840966,Peñafiel Arandano 2 L,$32.00
7501073831469,Peñafiel Twist Limon 600 ml,$20.00
7501073839854,Peñafiel Naranjada 600 ml,$20.00
7501073839885,Peñafiel Limonada 600 ml,$20.00
7501073840607,Peñafiel Toronjada 600 ml,$20.00
7501073831933,Peñafiel Sangria 600 ml,$20.00
7501073831902,Peñafiel Fresa 600 ml,$20.00
7501073831926,Peñafiel Manzanita 600 ml,$20.00
7501073839304,Peñafiel Fresa Light 600 ml,$20.00
7501073839328,Peñafiel Mazanita Light 600 ml,$20.00
7501073840331,Peñafiel Limonada Light 600ml,$20.00
7501073840355,Peñafiel Naranjada Light 600ml,$20.00
7501073841178,Peñafiel Toronjada Light 600ml,$20.00
7501073841925,Peñafiel Piñada 600 ml,$20.00
7501073840973,Peñafiel Arandano 600 ml,$20.00
7501073830509,Peñafiel Agua Mineral 600 ml,$20.00
21136010541,Topo Chico 600 ml,$23.00
21136415476,Topo Chico Sang Light 600ml,$23.00
21136414547,Topo Chico Sangria 600 ml,$23.00
758104100422,Bonafont 1 L,$15.00
7501055310883,Ciel 1 L,$15.00
7501086801046,Epura 1 L,$15.00
758104000159,Bonafont 1.5 L,$17.00
7501055304721,Ciel 1.5 L,$17.00
7501086801015,Epura 1.5 L,$17.00
7501086801107,Epura 330 ml,$10.00
758104001712,Bonafont 600 ml,$12.00
7501055307906,Ciel 600 ml,$12.00
7501086801121,Epura 600 ml,$12.00
7501011351097,Campbell's V8 Original 340 ml,$18.00
7506192506854,Vive 100 300 ml,$14.00
9002490100070,Red Bull 250 ml,$48.00
7506192503259,Vive 100 355 ml,$15.00
7506192507349,Amper Play Hard 473 ml,$22.00
7506192507714,Amper Blueberry 473 ml,$22.00
70847035916,Monster 473 ml,$39.00
7506192505451,Vive 100 600 ml,$18.00
7501055352463,Ciel Exprim Limon 1 L,$16.00
7501055352531,Ciel Exprim Jamaica 1 L,$16.00
36731326003,Gatorade Ponche 1 L,$32.00
36731322005,Gatorade Limonada 1 L,$32.00
36731324009,Gatorade Uva 1 L,$32.00
36731321008,Gatorade Naranja 1 L,$32.00
7501022009857,Gatorade Blue Thunder 1 L,$32.00
7501055317653,Powerade Moras 1 L,$35.00
7501055317660,Powerade Frutas 1 L,$35.00
7501011181809,Be Light Jamaica 1.5 L,$22.00
7501011181755,Be Light Limon 1.5 L,$22.00
7501011181762,Be Light Toronja 1.5 L,$22.00
7501011169838,Be Light Manzana 1.5 L,$22.00
7501022013809,Be Light Pepino Limon 1.5 L,$22.00
7501022014738,Be Light Piña Maracuya 1.5 L,$22.00
7501055352548,Ciel Exprim Jamaica 1.5 L,$20.00
7501055352470,Ciel Exprim Limon 1.5 L,$20.00
7506192506816,Vitaloe 320 ml,$17.00
36731103536,Gatorade Lima-Limon 350 ml,$16.00
36731103512,Gatorade Naranja 350 ml,$16.00
7501022009529,Gatorade Moras 350 ml,$16.00
36731504005,Gatorade Uva 500 ml,$22.00
36731501004,Gatorade Naranja 500 ml,$22.00
36731506009,Gatorade Ponche 500 ml,$22.00
36731503008,Gatorade Lima Limon 500 ml,$22.00
7506192507561,Vitaloe 500 ml,$22.00
7501055352456,Ciel Exprim Limon 600 ml,$14.00
7501055352524,Ciel Exprim Jamaica 600 ml,$14.00
36731106063,Gatorade Ponche 600 ml,$26.00
36731106018,Gatorade Naranja 600 ml,$26.00
7501055310777,Powerade Moras 600 ml,$24.00
7501055310784,Powerade Frutas 600 ml,$24.00
7501125118562,Electrolit Lima-Limon 625 ml,$28.00
7501125104688,Electrolit Naranja-Mand 625 ml,$28.00
7501125104268,Electrolit Fresa 625 ml,$28.00
7501125149221,Electrolit Fresa-Kiwi 625 ml,$28.00
7501125187131,Electrolit Horchata 625 ml,$28.00
7501125104411,Electrolit Coco 625 ml,$28.00
7501125104343,Electrolit Manzana 625 ml,$28.00
7501125144851,Electrolit Uva 625 ml,$28.00
7501125174797,Electrolit Mora Azul 625 ml,$28.00
7503046131224,Electrolit Ponche de Frutas 625 ml,$28.00
7502268541491,Electrolit Zero Uva 625 ml,$28.00
7502268541484,Electrolit Zero Fresa Kiwi 625 ml,$28.00
7501020531152,Aquafrut Uva 1 L,$23.00
7501020531022,Aquafrut Naranja 1 L,$23.00
7501013105773,Jumex Mango 0 Azucar 960 ml,$32.00
7501020527551,Lala Natural'es Naranja 1 L,$45.00
7501055330454,Del Valle Frut Naranja 1.5 L,$28.00
75078904,Jumex Mango 125 ml,$7.00
75075385,Jumex Manzana 125 ml,$7.00
7501055337385,Del Valle Frut Naranja 2.5 L,$42.00
14800515312,Clamato Almeja 296 ml,$20.00
7501020530551,Lala Natural'es Naranja 330ml,$22.00
7501055333936,Del Valle Pulpy Naranja 400,$16.00
7501013105735,Jumex Durazno 0 Azucar 413 ml,$19.00
14800515329,Clamato Almeja 473 ml,$28.00
7501020539066,Aquafrut Uva 600 ml,$15.00
7501020539042,Aquafrut Naranja 600 ml,$15.00
7501055330683,Del Valle Frut Naranja 600 ml,$19.00
14800515336,Clamato Almeja 946 ml,$48.00
7501013105506,Jumex Uva 960 ml,$32.00
7501013105414,Jumex Manzana Clarifcado 960 ml,$32.00
7501013109689,Jumex Piña 960 ml,$32.00
7501013102789,Jumex Mango 960 ml,$32.00
7501013104066,Jumex Durazno 960 ml,$32.00
7501013105766,Jumex Durazno 0 Azucar 960 ml,$32.00
7501013105483,Jumex Piña Coco 960 ml,$32.00
7501013106893,Jumex Arandano 960 ml,$40.00
14800000276,Clamato Cubano 473 ml,$28.00
7501055335961,Del Valle Mango T 250 ml,$10.00
32239052017,Del Valle Durazno 413 ml,$16.00
32239052024,Del Valle Manzana 413 ml,$16.00
32239052000,Del Valle Mango 413 ml,$16.00
7501055331628,Del Valle Guayaba 413 ml,$16.00
7501013105582,Jumex Durazno 237 ml,$13.00
7501013105605,Jumex Manzana 237 ml,$13.00
7501013105599,Jumex Mango 237 ml,$13.00
7501013103274,Jumex Durazno 335 ml,$16.00
7501013103267,Jumex Manzana 335 ml,$16.00
7501013102833,Jumex Mango 335 ml,$16.00
7501013105575,Jumex Uva 413 ml,$19.00
7501013105520,Jumex Clari Manzana 413 ml,$19.00
7501013105537,Jumex Durazno 413 ml,$19.00
7501013105759,Jumex Mango 0 Azucar 413 ml,$19.00
7501013105568,Jumex Manzana 413 ml,$19.00
7501013105742,Jumex Manzana 0 Azucar 413 ml,$19.00
7501013105551,Jumex Mango 413 ml,$19.00
7501013105544,Jumex Guayaba 413 ml,$19.00
7501013104073,Jumex Manzana 960 ml,$32.00
7501005114509,Ades Manzana 200 ml,$10.00
7501005114523,Ades Mango 200 ml,$10.00
7501005113373,Ades Durazno 200 ml,$10.00
7501055337729,Coca Cola Light 1.25 L,$28.00
7501055313525,Coca Cola 1.25 L,$28.00
7501022015384,Manzanita Sol 1.5 L,$26.00
7501031311682,Pepsi 1.5 L,$26.00
7501022008584,Pepsi Light 1.5 L,$26.00
7501071120176,Squirt  1.5 L,$26.00
7501055313532,Coca Cola 1.75 L,$37.00
7501055349555,Coca Cola Sin Azucar 1.75 L,$37.00
7501198354195,Dr. Pepper 2 L,$32.00
7501055305247,Coca Cola 2.5 L,$52.00
7501055305421,Coca Cola Light 2.5 L,$52.00
7501055321681,Coca Cola Sin Azucar 2.5 L,$52.00
7501055311811,Fanta 2.5 L,$52.00
7501055311804,Fresca 2.5 L,$52.00
7501055314171,Joya Ponche 2.5 L,$52.00
7501055314218,Joya Manzana 2.5 L,$52.00
7501022015551,Manzanita Sol 2.5 L,$42.00
7501031312771,Pepsi Light 2.5 L,$42.00
7501031310258,Pepsi 2.5 L,$42.00
7501055311828,Sprite 2.5 L,$52.00
7501071120411,Squirt  2.5 L,$42.00
7501055310227,Coca Cola 2.5 L Retornable,$42.00
7501055349401,Coca Cola Lata 235 ml,$18.00
7501055354672,Coca Cola Vidrio 235 ml,$18.00
7501055354696,Coca Cola Sin Azucar Vidrio 235 ml,$18.00
7501055354689,Coca Cola Light Vidrio 235 ml,$18.00
7501055304745,Coca Cola 3 L,$60.00
7501031310098,Pepsi 3 L,$49.00
7501055341344,Coca Cola 355 ml,$18.00
7501198355536,Dr. Pepper 355 ml,$17.00
7501198355833,Dr. Pepper Strawberries Cream 355 ml,$17.00
7501198355932,Dr. Pepper Dark Berry 355 ml,$17.00
7501198355574,Dr. Pepper Cream Soda 355 ml,$17.00
7501022013861,Pepsi Black 355 ml,$12.00
7501022013069,Pepsi Black 1.5 L,$26.00
7501055300075,Coca Cola Lata 355 ml,$23.00
7501055320677,Coca Cola Sin Azucar Vidrio 355 ml,$13.00
75005771,Coca Cola Vidrio 355 ml,$13.00
75013554,Coca Cola Light Vidrio 355 ml,$13.00
7501055377381,Joya Manzana Vidrio 355 ml,$13.00
7501022013885,7up 400 ml,$15.00
7501022015513,Manzanita Sol 400 ml,$15.00
7501031302819,Mirinda 400 ml,$15.00
7501031302741,Pepsi 400 ml,$15.00
7501031306022,Pepsi Light 400 ml,$15.00
7501071120664,Squirt 400 ml,$15.00
75004699,Coca Cola Vidrio 500 ml,$16.00
7501055305704,Coca Cola Light Vidrio 500 ml,$16.00
7501055321667,Coca Cola Sin Azucar 500 ml,$16.00
7501055377442,Joya Manzana Vidrio 500 ml,$16.00
7501022014585,7up 600 ml,$20.00
7501055316670,Coca Cola Light SinCafe 600ml,$23.00
7501055320639,Coca Cola Sin Azucar 600 ml,$23.00
7501055305339,Coca Cola Light 600 ml,$23.00
75007614,Coca Cola 600 ml,$23.00
7501198350418,Dr. Pepper 600 ml,$20.00
7501198355581,Dr. Pepper Cream Soda 600 ml,$20.00
7501198353877,Dr. Pepper Cherry 600 ml,$20.00
7501198355840,Dr. Pepper Strawberries Cream 600 ml,$20.00
7501198355178,Dr. Pepper Dark Berry 600 ml,$20.00
7501055303786,Fresca Toronja 600 ml,$23.00
7501055314133,Joya Manzana 600 ml,$23.00
7501055314096,Joya Ponche 600 ml,$23.00
7501055314119,Joya Durazno 600 ml,$23.00
7501022015377,Manzanita Sol 600 ml,$20.00
7501022014912,Mirinda 600 ml,$20.00
7501022013052,Pepsi Black 600 ml,$15.00
7501031310012,Pepsi 600 ml,$20.00
7501031312559,Pepsi Light 600 ml,$20.00
7501055305629,Sprite 600 ml,$23.00
7501071120183,Squirt 600 ml,$20.00
7500326103445,Barrilitos Durazno 750 ml,$20.00
7500326103476,Barrilitos Manzana 750 ml,$20.00
7500326103421,Barrilitos Ponche Trop. 2 L,$38.00
7500326103438,Barrilitos Sidra Manzana 2 L,$38.00
7500326103414,Barrilitos Piña 2 L,$38.00
613008765224,Arizona Mango 460 ml,$19.00
613008765194,Arizona Sandia 460 ml,$19.00
613008765286,Arizona Kiwi con Fresa 460 ml,$19.00
613008765255,Arizona Te Verde y Miel 460 ml,$19.00
7501055317875,Fuze Tea Negro Durazno 600,$20.00
7501055358892,Fuze Tea Verde Limon 600 ml,$20.00
7501055358885,Fuze Tea Negro Limon 600 ml,$20.00
7501031302352,Lipton Te Limon 600 ml,$20.00
7501031304868,Lipton Te Durazno 600 ml,$20.00
7501003339522,McCormick Canela Apple 35g,$55.00
730399001837,Bokados C Japones 60 g,$12.00
730399001813,Bokados C Salados 55 g,$12.00
730399002018,Bokados C Salados 90 g,$15.00
7500478022175,Sabritas KACANG Salado 77g,$17.00
7500478028672,Sabritas KACANG Flamin Hot 67g,$17.00
7500478019755,Sabritas KACANG Incognita 67g,$17.00
7500478026555,Karate Cacahuate Japones 110g,$20.00
730399005118,Bokados Chicharron 27 g,$17.00
730399023747,Bokados Mix Chicharron 90 g,$18.00
730399005132,Bokados Chicharron 55 g,$26.00
730399005156,Bokados Chicharron 115 g,$55.00
604722013647,Encanto Chicharron 35 g,$19.00
39465111211,Encanto Charrones 100 g,$23.00
604722013333,Encanto Charrones 160 g,$46.00
604722013685,Leo Chicharron 35 g,$20.00
7501480900215,Leo Chicharron 55 g,$30.00
7501480900246,Leo Chicharron 130 g,$60.00
7501011151079,Sabritas Chicharron 30 g,$20.00
7500810005040,Barcel Pop Karameladas 45g,$15.00
7500810027646,Barcel Chipotles 65 g,$17.00
7500810027837,Barcel Runners 72 g,$17.00
7500810027820,Barcel Runners Fuego 72 g,$17.00
7500810003671,Barcel Takis Fuego 70 g,$20.00
7500810000441,Barcel Takis Original 70 g,$20.00
7500810000502,Barcel Takis Salsa Brava 70g,$20.00
7500810028353,Barcel Takis Blue Heat 70 g,$20.00
730399004937,Bokados Ruedas 100 g,$28.00
7501011143586,Cheetos Torciditos 52 g,$15.00
7501011143753,Cheetos Flamin Hot 52 g,$15.00
7500478044214,Cheetos Bolitas 46 g,$15.00
7500478044115,Cheetos Poffs 44 g,$15.00
7500478044184,Cheetos Colmillos 31 g,$15.00
7501011143999,Cheetos Nachos 52 g,$15.00
7500478044283,Cheetos Flamin Hot Bolzaza 115g,$28.00
7500478037896,Cheetos Mix 90 g,$28.00
7500478016587,Churrumais 60 g,$16.00
604722007943,Conchitas Super Piccas 75 g,$19.00
39465111440,Conchitas Granielote 75 g,$19.00
39465011009,Encanto Conchitas 70 g,$19.00
39465012006,Encanto Conchitas 210 g,$40.00
7501011142299,Crujitos 40 g,$17.00
7501011131040,Crujitos 120 g,$39.00
7501011123588,Doritos Nacho 62 g,$20.00
7500478018512,Doritos Dinamita Ch-Lim 70 g,$20.00
7501011163706,Doritos 3D Queso 50 g,$20.00
7501011130272,Doritos Flamin'Hot 58 g,$20.00
7501011123878,Doritos Incognita 58 g,$20.00
7501011123380,Doritos Pizzerolas 58 g,$20.00
7500478026036,Doritos Dinamita Falmin'Hot 70g,$20.00
7500478044467,Doritos Nacho Bolzaza 100 g,$28.00
7500478037872,Doritos Mix 90 g,$28.00
7500478037520,Doritos Dinamita Ch-Lim 220 g,$42.00
39465021008,Encanto Chichos 75 g,$19.00
604722008063,Encanto Papas Caseras 70 g,$23.00
39465022005,Encanto Chichos 210 g,$40.00
39465077807,Encanto Papas Caseras 170 g,$52.00
7501011110335,Fritos Sal y Limon 70 g,$17.00
7501011116252,Fritos Chile y Limon 70 g,$17.00
604722010103,Leo LeoMix Chile y Limon 55 g,$15.00
604722005444,Leo Massiso 71 g,$12.00
604722015788,Leo Massiso 145 g,$41.00
730399023945,Bokados Mix con Golos 90 g,$18.00
730399013106,Bokados Mix 90 g,$18.00
7500478044146,Pake Taxo Mezcladito 81 g,$22.00
7500478044191,Pake Taxo Flamin Hot 81 g,$22.00
7501011114623,Pake Taxo Quexo 65 g,$22.00
7500478044177,Pake Taxo Botanero 81 g,$22.00
7501011155022,Pake Taxo Flamin Hot 215 g,$58.00
7501011154865,Pake Taxo Botanero 255 g,$58.00
7501011154902,Pake Taxo Mezcladito 280 g,$58.00
604722005833,Leo Papirringas 50 g,$17.00
604722007905,Leo Papirringas Llamas 50 g,$17.00
604722005994,Leo Papirringas 100 g,$30.00
730399007501,Bokados Prispas 46 g,$17.00
730399012796,Bokados Prispas Habanero 50g,$17.00
7501011111028,Rancherito 60 g,$15.00
7501011114517,Rancherito 145 g,$39.00
7501011149205,Sabritones 60 g,$17.00
604722005154,Leo Tostileo 75 g,$18.00
604722013579,Leo Tostileo 120 g,$26.00
7501011127012,Tostitos Salsa Verde 65 g,$18.00
7501011126879,Tostitos Flamin'Hot 65 g,$18.00
7500478044566,Tostitos Salsa Verde Bolzaza 115 g ,$28.00
7500478044580,Tostitos Flamin Hot Bolzaza 115 g,$28.00
730399002100,Bokados Calabaza 30 g,$10.00
730399002209,Bokados Gira-Solito 52 g,$12.00
730399002216,Bokados Maizetas Cruj 60 g,$15.00
730399003237,Bokados Strips 75 g,$19.00
604722005130,Leo Churritos 73 g,$18.00
7501011155008,Pake Taxo Queso 215 g,$58.00
7501006559002,Act II Natural 80 g,$18.00
7501006559019,Act II Mantequilla 80 g,$18.00
7501006559026,Act II Mantequilla Extra 80 g,$18.00
7500810024553,Chips Jalapeño 62 g,$22.00
7500810024560,Chips Sal de Mar 62 g,$22.00
7500810024546,Chips Fuego 62 g,$22.00
7501000266203,Chips Sal de Mar 170g,$54.00
7501000266234,Chips Jalapeño 170g,$54.00
757528001889,Chips Fuego 170g,$54.00
38000846731,Pringles Original 37 g,$20.00
7500478044221,Ruffles Queso 48 g,$20.00
7500478044368,Ruffles Original 48 g,$20.00
7500478037889,Ruffles Mix 70 g,$24.00
7500478044269,Ruffles Queso Bolzaza 88 g,$28.00
604722006724,Leo Rugileo Adobadas 70 g,$24.00
604722008957,Leo Rugileo Onduladas 70 g,$24.00
604722006632,Leo Rugileo Naturales 70 g,$24.00
7501011101456,Sabritas Original 45 g,$20.00
7501011137431,Sabritas Habanero 42 g,$20.00
7500478043965,Sabritas Cremas y Espe 48 g,$20.00
7501011143739,Sabritas Flamin' Hot 45 g,$20.00
7501011101678,Sabritas Limon 45 g,$20.00
7501011101463,Sabritas Adobadas 45 g,$20.00
7500478038671,Sabritas Cruji Jalapeño 57 g,$22.00
7500478038657,Sabritas Cruji Clasicas 57 g,$22.00
7500478038664,Sabritas Crujiente Flamin Hot 57g,$22.00
7500478044320,Sabritas Original Bolzaza 74 g,$28.00
7500478007639,Sabritas Flamin Crujiente Bolzaza 70 g,$28.00
7500478007639,Sabritas Flamin Hot Bolzaza 72 g,$28.00
7501480902196,Leo Tostileo 190 g,$41.00
39465032110,Tradicionales Sal 75 g,$23.00
604722006991,Tradicionales Adobadas 70 g,$23.00
75005443,1-2-3 Aceite 500 ml,$29.00
75002343,1-2-3 Aceite 1 L,$53.00
75041663,Capullo Aceite 400 ml,$33.00
7501048102501,Kartamus Aceite 900 ml,$50.00
7501039121993,Nutrioli Aceite 400 ml,$25.00
7501039124901,Nutrioli Aceite 890 ml,$51.00
7501052470016,C. Jacques Cesar 237 ml,$45.00
7501052470085,C. Jacques Ranch 237 ml,$45.00
7501052470061,C. Jacques Islas 237 ml,$45.00
75014339,Del Monte Catsup 220 g,$16.00
75053901,Del Monte Catsup 320 g,$20.00
7501006585209,Del Monte Catsup 650 g,$36.00
7501005151931,Hellmann's Mayonesa 105 g,$23.00
7501005151955,Hellmann's Mayonesa 190 g,$28.00
7501005151962,Hellmann's Mayonesa 390 g,$55.00
7501003300461,McCormick Mayonesa 190 g,$35.00
7501003308535,McCormick Mayonesa Chipotle 310 g,$40.00
7501003300478,McCormick Mayonesa 390g,$59.00
7501003110305,McCormick Mostaza 220 g,$28.00
7501003335029,McCormick Mostaza 210 g,$24.00
7501001604318,Crosse Salsa Inglesa 145 ml,$49.00
7500000501017,Diana Salsa Casera 500 g,$22.00
790208302005,Del Primo Salsa Roja 300 g,$38.00
790208301008,Del Primo Salsa Verde 300 g,$38.00
790208301039,Del Primo Habane Roja 300g,$39.00
790208003476,Del Primo Guacamole 300 g,$39.00
738545020046,Mega Chamoy 1 L,$30.00
7501012803977,Guacamaya Ha Rojo 150ml,$30.00
7501003127600,Herdez Salsa Verde 240 g,$25.00
7501003103703,Herdez Salsa Casera 240 g,$25.00
7501003105431,Herdez Salsa Guacamole 240 g,$30.00
7501003127143,Herdez Salsa Casera 453 g,$40.00
7501003127389,Herdez Salsa Verde 453 g,$40.00
75081898,Hunts BBQ Original 305 g,$38.00
738545010481,La Botanera Clasica 370 g,$19.00
738545010030,La Botanera Clasica 500 g,$25.00
738545010016,La Botanera Clasica 1 kg,$38.00
7501058628503,Maggi Salsa de Soya 140 ml,$32.00
7501059204102,Maggi Salsa Inglesa 100 ml,$38.00
7501001604103,Maggi Jugo 100 ml,$48.00
7501340700023,San Luis Salsa Picante 490 g,$23.00
97339000054,Valentina Salsa 370 ml,$25.00
7503044354007,De la Viuda Salsa 150 ml,$30.00
7501006523973,Hunts Cuatros Quesos 360 g,$39.00
7501006523966,Hunts Champiñones 360 g,$39.00
7501006523959,Hunts Tradicional 360 g,$39.00
7501006582949,Hunts Bologuesa 360 g ,$39.00
7501279700118,Ciervo Vinagre Manzana 1L,$26.00
7501279700156,Ciervo Vinagre Blanco 1L,$26.00
7501214100256,Diamante Arroz 225 g,$13.00
7501214100249,Diamante Arroz 450 g,$26.00
7501214100232,Diamante Arroz 900 g,$48.00
7501214102113,San Jose Arroz Super 700 g,$45.00
7501071301711,Verde Valle Arroz 250 g,$13.00
7501071305153,Verde Valle Arroz 500 g,$26.00
7501071301452,Verde Valle Arroz 1 kg,$48.00
7506306307186,Knorr Arroz Blanco 155 g,$40.00
7506306307209,Knorr Arroz Mexicana 155 g,$40.00
7506306307193,Knorr Arroz Española 155 g,$40.00
7501005105873,Knorr Arroz Poblana 155 g,$40.00
7501125410260,Frijolin Frijol Negro 750 g,$43.00
7502236565580,Frijolin Frijol Pinto 900 g,$47.00
7646441025450,La Nuestra Frijol Pinto 907 g,$22.00
7501071307799,Isadora Frijoles Negros 430 g,$24.00
7501071307775,Isadora Frijoles Peruan 430 g,$24.00
7501071307782,Isadora Frijoles Bayos 430 g,$24.00
7501071307928,Isadora Frijoles Enteros Claros 454 g,$24.00
7501071307935,Isadora Frijoles Enteros Negros 454 g,$24.00
7501017043026,La Costeña Bayos Ref 220 g,$14.00
7501017045587,La Costeña Bayos Ref 400 g,$20.00
7501052421254,La Sierra R Peruanos 430 g,$23.00
7501052420172,La Sierra Frijoles R Bayos 430g,$23.00
7500000000039,Diana Frijoles 500 g,$22.00
7500000000022,Diana Frijoles  Chorizo 500 g,$22.00
7501017004423,La Costeña Frijoles Neg Ref 580g,$20.00
7501017004270,La Costeña Frijol Refrito 580g,$20.00
7501017004362,La Costeña Frijol Entero 560g,$20.00
7501017004294,La Costeña Frijol Negro E 560g,$20.00
7501017004287,La Costeña Frijol Charro 560g,$31.00
7501052424033,La Sierra Frijol R Bayos 440 g,$20.00
7501052420431,La Sierra Frijol R Bayos 580g,$23.00
46900001778,Ranch Style Frijoles 425 g,$31.00
7501578550032,Nor-Ver Lenteja 500 g,$26.00
7501005106801,Maizena Fresa 47 g,$15.00
7501005106979,Maizena Vainilla 47 g,$15.00
7501005107150,Maizena Nuez 47 g,$15.00
7501005107013,Maizena Chocolate 45 g,$15.00
7501005110242,Maizena 95 g,$22.00
7646441057598,La Nuestra Azucar Estan 500g,$20.00
7646441052920,La Nuestra Azucar Estan 1 kg,$42.00
7646441057413,La Nuestra Azucar Refin 500g,$25.00
7646441052852,La Nuestra Azucar Refin 1 kg,$50.00
722776020029,Splenda 100 g,$97.00
7501055377664,Costa Coffee 14 g,$16.00
7501000911783,Nescafe Clasico 14 g,$14.00
7501000912803,Nescafe Clasico 42 g,$45.00
7501058620095,Nescafe Clasico 60 g,$72.00
7501058620101,Nescafe Clasico 120 g,$120.00
7501059224827,Nescafe Clasico 200 g,$165.00
7501000911790,Nescafe Decaf 14 g,$14.00
7501058628466,Nescafe Decaf 40 g,$45.00
7501058628473,Nescafe Decaf 120 g,$125.00
7501058616470,Nescafe Decaf 170 g,$140.00
7501058618924,Nescafe Café de Olla 46 g,$38.00
9555274501612,Lingzhi Black Coffee 90 g,$380.00
9555274508987,Lingzhi Coffee 3 in 1 420 g,$385.00
9555274502671,DXN Vita Cafe 20 sobres,$475.00
9555274501698,DXN Cocozhi 20 sobres,$460.00
7503001453194,Cafe Ole Clasico Capuccino Vidrio,$39.00
7503001453187,Cafe Ole Vainilla Capuccino Vidrio,$39.00
7503001453200,Cafe Ole Vainilla Capuccino Moka Vidrio,$39.00
7501040070662,Cafe Ole Cero Capuccino Clasico Vidrio,$39.00
7501040070600,Cafe Ole Brownie Vidrio,$39.00
7501040070440,Cafe Ole Cookies Capuccino Mex Vidrio,$39.00
679097000257,Tia Lencha Carne Seca 25 g,$25.00
679097000509,Tia Lencha Carne Seca 55 g,$48.00
7500478019069,3 Minutos Avena 380 g,$38.00
7501761810394,3 Minutos Avena 400 g,$48.00
7500478000401,Quaker Avena 475 g,$59.00
7501008101049,Kellogg's Corn Flakes 150 g,$27.00
7501008042984,Kellogg's Zucaritas 260 g,$46.00
7501008015339,Kellogg's Froot Loops 180 g,$50.00
7501008018125,Kellogg's Choco Krispis 290 g,$48.00
7501008015261,Kellogg's Corn Pops 210 g,$56.00
7501058611062,Nestle Carnation  360 g,$24.00
7501000913282,Nestle Coffee mate 34 g,$12.00
7501058619228,Nestle Coffee mate 160 g,$45.00
7501059211209,Nestle La Lechera 100 g,$15.00
7506475104722,Nestle La Lechera 375 g,$38.00
7506475104746,Nestle La Lechera  Dulce 360 g,$49.00
7501059297289,Nestle Media Crema 190 ml,$22.00
7501001600426,Nestle Media Crema 225 g,$24.00
7501003390288,Bufalo Aceituna Deshue 175g,$28.00
7501045403182,Dolores Atun Bolsa  Agua 78 g,$20.00
7501045403175,Dolores Atun Bolsa  Aceite 78 g,$20.00
7501045403915,Dolores Atun Agua 133 g,$27.00
7501045403908,Dolores Atun Aceite 133 g,$27.00
7501045400860,Dolores Atun Agua 295 g,$58.00
7501045400846,Dolores Atun Aceite 295 g,$58.00
7501003105479,Herdez Atun en Aceite 130 g,$29.00
7501003105486,Herdez Atun en Agua 130 g,$29.00
7501041420138,Tuny Atun Agua Clasico 125 g,$25.00
7501041420145,Tuny Atun Aceite Clasico 125 g,$25.00
7501003123411,Herdez Champiñon Tro 186g,$25.00
7501003123213,Herdez Champiñon Reb 186g,$25.00
7501017006021,La Costeña Chipotles 105 g,$21.00
7501017005031,La Costeña Chipotles 220 g,$40.00
7501017006014,La Costeña Rajas 105 g,$14.00
7501017005000,La Costeña Jalapeños 220 g,$17.00
7501017005024,La Costeña Rajas 220 g,$20.00
7501017005062,La Costeña Nachos 220 g,$21.00
7501017004027,La Costeña Rajas 380 g,$33.00
7501017004003,La Costeña Jalapeños 380 g,$35.00
7501017003006,La Costeña Jalapeños 780 g,$45.00
7501017003020,La Costeña Rajas 800 g,$45.00
7501017002009,La Costeña Jalapeños 2.8 kg,$97.00
7501017050536,La Costeña Pim Morron 200g,$28.00
633148100013,Tajin Clasico 142 g,$42.00
7501006536942,Del Monte Elote 225 g,$14.00
7501006535303,Del Monte Elote 400 g,$22.00
7501003124234,Herdez Elote 220 g,$14.00
7501003124241,Herdez Elote 400 g,$22.00
58897103021,Valle Fresco Piña 820 g,$50.00
7501052477213,Clemente Jacques Piña Almibar 800g,$70.00
7501017003341,La Costeña Mango Almibar800g,$70.00
7501017003167,La Costeña Durazno Almibar 820g,$70.00
7501017003358,La Costeña Coctel Almibar 850 g,$70.00
7501531900836,Villafrut Piña Almibar,$65.00
44774030108,Alfresco Maiz Pozolero 425 g,$18.00
7501071301629,Verde Valle Papa 160 g,$40.00
7501079702817,Del Fuerte Pure Tomate 210g,$10.00
7501079702855,Del Fuerte Pure Tomate 345g,$18.00
7501079702848,Del Fuerte Pure Tomate 1 kg,$40.00
7503016372145,Fresh Sardinas 425 g,$48.00
7501011320178,Campbell's Elote 310 g,$40.00
7501011312678,Campbell's Champiñon 300 g,$40.00
7501006532814,Del Monte Campesina 215 g,$14.00
7501006536713,Del Monte Chicharos 200 g,$13.00
7501006532494,Del Monte Chic-Zana 215 g,$13.00
7501006535549,Del Monte Chicharos 410 g,$22.00
7501006532531,Del Monte Chic-Zana 410 g,$23.00
7501006556636,Del Monte Garbanzos 400 g,$26.00
7501003124272,Herdez Garbanzos 400 g,$26.00
11848455570,La Anita Achiote 110 g,$15.00
7501003100085,Doña Maria 360 g,$32.00
7501003150219,Doña Maria Mole 125 g,$34.00
7501003150233,Doña Maria Mole 235 g,$50.00
7501126200013,Gala Mole 125 g,$40.00
7501126200020,Gala Mole 265 g,$72.00
7501017006465,La Costeña Mole 125 g,$25.00
44774040008,Rogelio Bueno Mole 245 g,$46.00
34587090017,La Fina Sal Bolsa 500 g,$14.00
34587090253,La Fina Sal Bote 120 g,$15.00
34587090192,La Fina Sal Bote 250 g,$18.00
34587090758,La Fina Sal Bolsa 650 g,$17.00
34587030013,La Fina Sal Bolsa 1 kg,$23.00
34587020021,La Fina Sal Bote 1 kg,$27.00
7613287342294,Cons*Mate 21 g,$7.00
7613287216458,Cons*Mate 84 g,$19.00
7501005180306,Knorr Caldo de Pollo 22 g,$8.00
7506306322677,Knorr Caldo de Pollo Frasco 100 g,$33.00
7501005181365,Knorr Caldo de Pollo 8 cubos,$30.00
7501005110723,Knorr Tomate 88 g,$30.00
7501005100854,Knorr Costilla Jugosa 88 g,$45.00
7501005183703,Knorr Caldo de Camaron 8 cubos,$45.00
7622210697325,Jell*O Gelatina Uva 25 g,$17.00
7501200481109,Knox Grenetina 28 g,$30.00
7501077400050,Maseca Harina 1 kg,$24.00
7501404603116,Selecta Harina 1 kg,$27.00
7501000665747,Gamesa H Hot Cakes 500g,$45.00
7501761869149,Gamesa H Hot Cakes 800g,$60.00
7501279700453,Ciervo Vainilla 240 ml,$25.00
13602000200,Rexal 100 g,$20.00
13602000507,Rexal 250 g,$25.00
7502233790107,El Guisandero Manteca Cerdo 500g,$32.00
7503013609176,San Juan Manteca Cerdo 1Kg,$52.00
7502223774001,Inca 250 g,$27.00
7502223774018,Inca 500 g,$44.00
7502223774025,Inca 1 kg,$98.00
80051671,Nutella 200 g,$60.00
7502223776135,Aladino Creamy 425 g,$95.00
7501003305923,McCormick M Fresa 165 g ,$23.00
7503006359040,Apirey Miel 340 g,$85.00
7502223775688,Karo Jarabe Maple 255 ml,$48.00
919313000600,San Pablo Miel 350 g,$64.00
7501005129954,Knorr Sopa Letras 95 g,$24.00
7501005129947,Knorr Sopa Estrellas 95 g,$24.00
7501005134712,Knorr Sopa Coditos 95 g,$24.00
7501005129930,Knorr Sopa Fideos  95 g,$24.00
7501005134002,Knorr Sopa Municiones 95 g,$24.00
21000658831,Kraft Macaroni Cheese 206 g,$40.00
41789001833,Maruchan Queso 64 g,$20.00
41789001925,Maruchan Carne Res  64 g,$20.00
41789001864,Maruchan Camaron Hab 64g,$20.00
41789001857,Maruchan Camaron Lim  64g,$20.00
41789001987,Maruchan Camaron Chil  64g,$20.00
41789001956,Maruchan Camaron 64 g,$20.00
41789001918,Maruchan Pollo  64 g,$20.00
7501018312039,La Moderna Spaghetti Q 200g,$30.00
10248765128,Yemina Estrella 2  200 g,$10.00
10248765104,Yemina Alfabetos 200 g,$10.00
10248765210,Yemina Plumilla 1  200 g,$10.00
10248765159,Yemina Fideo Mediano 200 g,$10.00
10248765203,Yemina Concha 2  200 g,$10.00
10248765197,Yemina Concha 1  200 g,$10.00
10248765173,Yemina Codo Liso 1  200 g,$10.00
10248765180,Yemina Codo Liso 2  200 g,$10.00
7501001656454,Nestle Abuelita 1pz 90 g,$22.00
7501059289444,Nestle Abuelita 180 g,$49.00
7501073411173,Nestle Abuelita 540 g,$115.00
7501058628299,Nestle Abuelita 630 g,$115.00
7506205807589,Choco Milk 160 g,$30.00
7501058618597,Nestle Nesquik 200 g,$36.00
7501216400019,Popular Premium 250 g,$50.00
7622210572974,Tang Piña 13 g,$8.00
7622210573001,Tang Piña Colada 13 g,$8.00
7622210573087,Tang Uva 13 g,$8.00
7622210572219,Tang Fresa 13 g,$8.00
7622210572288,Tang Horchata 13 g,$8.00
7622210572554,Tang Mango 13 g,$8.00
7622210572943,Tang Tamarindo 13 g,$8.00
7622210572684,Tang Melon 13 g,$8.00
7622210572387,Tang Jamaica 13 g,$8.00
7622210573216,Tang Limon 13 g,$8.00
7622210572639,Tang Naranja 13 g,$8.00
7622210572189,Tang Guayaba 13 g,$8.00
7622210562500,Tang Te Limon 15 g,$8.00
7503032460079,Zuko Limon 13 g,$7.00
7503032460062,Zuko Jamaica 13 g,$7.00
7501003339133,McCormick Manzanilla 30 g,$25.00
75073282,Bubbaloo Tutti Fruitti ,$2.00
75073299,Bubbaloo Yerba Buena,$2.00
75073268,Bubbaloo Mora Azul,$2.00
75073275,Bubbaloo Platano ,$2.00
75073244,Bubbaloo Fresa ,$2.00
75068011,Clorets Plus 4 pza,$3.00
7622210624482,Clorets Plus 13.5 g,$10.00
7622210571205,Clorets Plus 10 pza,$10.00
7501056008215,Clorets 30 pza,$15.00
75045685,Trident Mora Azul 4 pza,$3.00
75045616,Trident Yerbabuena 4 pza,$3.00
75045654,Trident Fresa 4 pza,$3.00
75045623,Trident Menta 4 pza,$3.00
75066932,Trident Canela 4 pza,$3.00
7622210582027,Trident Fresa 5 pza,$12.00
7622210581914,Trident Menta 5 pza,$12.00
7622210571328,Trident Menta 10 pza,$12.00
7506105606053,Trident Menta 18 pza,$22.00
7506105606060,Trident Yerbabuena 18 pza,$22.00
7506105606084,Trident Sandia 18 pza,$22.00
7622210938282,Trident Canela 18 pza,$22.00
7622210973436,Trident Fresa 18 pza,$22.00
7622210571359,Trident Cool Bubble 10 pza,$12.00
7506105606091,Trident Cool Bubble 18 pza,$22.00
7622210551368,Trident Extra Strong 18 pza,$22.00
7622210581952,Trident Freshmint 5 pza,$12.00
7622210571380,Trident Freshmint 10 pza,$12.00
7506105606077,Trident Freshmint 18 pza,$22.00
7622210938367,Trident Twist Sweet Mint 9 pza,$14.00
7622210530448,Trident Twist So Very Berry 9 pza,$14.00
7622210530479,Trident Twist Melon Blast 9 pza,$14.00
7622210589194,Mega Bubbaloo Fresa ,$15.00
7622210603548,Trident Fruit Mix Uva Lim 18pz,$20.00
7622210571465,Bubbaloo Rollo Mora Azul,$30.00
7501058638083,Carlos V 18 g,$12.00
7506205815867,Choco Milk 22 g,$8.00
7501059223905,Crunch 40 g,$18.00
2520609,"Duvalin Bi Sabor F,V",$3.00
2520568,"Duvalin Bi Sabor A,V",$3.00
78909434,Ferrero Rocher 3 pzas,$33.00
7898024390107,Ferrero Rocher 16 pzas,$160.00
7501024599097,Hershey's Almonds 27 g,$17.00
7501024595594,Hershey's Milk Chocolate 27 g,$17.00
7501024577057,Hershey's Chocolate 453 ml,$85.00
80050315,Kinder Chocolate,$10.00
80050094,Kinder Maxi,$15.00
8000500267035,Kinder Delice,$16.00
80741251,Kinder Sorpresa Niña,$30.00
80052760,Kinder Bueno,$25.00
80741244,Kinder Sorpresa Niño,$30.00
7502271911427,M&Ms  Leche 43.8 g,$20.00
7502271911472,M&Ms  Cacahuate 44.3 g,$20.00
7502271913087,M&Ms Confitados 120 g,$45.00
7506174512200,Milky Way Bar 48 g,$20.00
7898024397915,Nutella B Ready 22 g,$15.00
7506174512248,Snickers Bar 48 g,$20.00
7502271915784,Turin Zero Sugar 16 g,$17.00
7500810004319,Ricolino Kranky 53 g,$18.00
7500810004357,Ricolino Lunetas 59 g,$18.00
7501056900151,Bubbaloo Xtreme Fresa,$7.00
7501056900168,Bubbaloo Xtreme Mora Azul,$7.00
7501056903190,Bubbaloo Xtreme Pik-Fuego,$7.00
7432354,Bubu Lubu 35 g,$12.00
75043360,Coronado Chiclosos,$2.00
724869003292,Malvaviscos Bianchi M 400 g,$46.00
7503018515298,Orquidea Palanqueta 25 g,$4.00
7501000278404,Paleta Payaso 45 g,$18.00
725226066660,Pulparindo 14 g,$5.00
725181207016,Skwinkles Rellenos Mango 26g,$12.00
725181249016,Skwinkles Salsagheti Sandia 24g,$12.00
7502226813820,Skwinkles Rellenos Sandia 26g,$15.00
759686263680,Vero Rellerindos Tamarindo 11g,$3.00
759686272682,Vero Pintazul,$4.00
7503030374613,Vero Elotes 14 g,$4.00
719886211713,Pelon Pelo Rico Tamarindo30,$7.00
730399006122,Bokados Golos Natural 45 g,$12.00
730399012093,Bokados Golos Confix Ch 65g,$12.00
7622210267856,Halls Mora Azul 9 pza,$10.00
7622210530752,Halls Cereza 10 pza,$10.00
7622210267818,Halls Menta 9 pza,$10.00
7622210267863,Halls Miel Limon 9 pza,$10.00
7622210529688,Halls Extra Strong 9 pza,$10.00
7622210993069,Halls Boost 9 pza,$10.00
725181389019,Lucas Bom Vaso Limon,$14.00
725181035015,Lucas Gusano,$12.00
725181009016,Lucas Gusano Tamarindo,$12.00
7502226815145,Lucas Panzon Sandia 38 g,$14.00
80969143,Tic Tac Menta,$12.00
80941385,Tic Tac Fresa,$12.00
7500810004456,Gomilocas Hambuergesa 63g,$18.00
7500810004449,Gomilocas Pingüinos 60 g,$18.00
7500810004395,Panditas Rojos 60 g,$18.00
7500810004418,Panditas Rellenos 60 g,$18.00
7500810004401,Panditas Enchilados 60 g,$18.00
7501030426264,Ricolino Pikaros,$5.00
7500810004371,Ricolino Panditas Clasicos 60 g,$18.00
7500810004432,Ricolino Gomilocas Dientes 60 g,$18.00
7500810004425,Ricolino Dulci Gomas 70 g,$18.00
7500810004340,Ricolino Pasitas 53 g,$18.00
7500810004364,Ricolino Moritas 64 g,$18.00
7500810004302,Ricolino Chocoretas 53 g,$18.00
7500810004388,Ricolino Panditas Acidos 60g,$18.00
7503031287820,Ricolino Panditas Bomba 60 g,$18.00
7502226816944,Skittles Original 22 g,$10.00
7502226816975,Skittles Moras 22 g,$10.00
725181369011,Skwinkles Clasicos Mango 19.5g,$10.00
725181369011,Skwinkles Rellenos Sandia 26g,$10.00
7502271914619,Skwinkles Chunks Mango 26g,$18.00
730399012109,Mazapan Azteca 30 g,$5.00
724869003315,Malvaviscos Bianchi G 400 g,$46.00
724869005289,Malvaviscos Bianchi M 400 g,$46.00
724869004862,Malvaviscos Bianchi M 400 g,$46.00
724869003278,Malvaviscos Bianchi Ch 400 g,$46.00
29642000124,Reba Dulce Tamarindo 50 g,$17.00
7506306415799,Magnum Clasica 90 ml,$35.00
7506306415775,Magnum Almendras 90 ml,$40.00
7506306416079,Magnum Almendras Choc Blanco 90 ml,$44.00
7506306417571,Mordisko 59.4 g,$23.00
7506306416413,Cornetto Cono Chocolage 100 ml,$30.00
7506306414471,Cornetto Brownie & Vainilla 190ml,$40.00
7501130932511,Holanda Napolitano 473 ml,$56.00
7501130932498,Holanda Fresa 473 ml,$56.00
7501130932504,Holanda Vainilla 473 ml,$56.00
7501130933013,Holanda Limon 473 ml,$56.00
7501130903245,Holanda Oreo 473 ml,$80.00
7506306400115,Holanda Chips Ahoy! 473 ml,$80.00
7506306414761,Holanda Mordisko 473 ml,$80.00
7506306413306,Holanda M&M 473 ml,$80.00
7506306416093,Holanda Snickers 473 ml,$80.00
7501130935512,Holanda Solero Limon Citrus 71 g,$17.00
7501130934980,Holanda Choco Cream Chocolate,$21.00
7501130900411,Holanda Chemisse Coco y Piña 65 g,$24.00
7506306417359,Holanda Chemisse Coco y Fresa 65 g,$24.00
7506306416789,Holanda Solero Frutos Rojos 71 g,$30.00
7501020556971,Lala Yomi Fresa 190 ml,$12.00
7501020556988,Lala Yomi Vainilla 190 ml,$12.00
7501020556964,Lala Yomi Choc 190 ml,$12.00
7501020555288,Lala Cafe con Leche 330 ml,$22.00
7506443107632,Hershey's Choc 200 ml,$16.00
7501020544596,Lala Chocolala 330 ml,$19.00
7501020526004,Lala Chocolala 500 ml,$22.00
7501020515299,Lala Media Crema 250 ml,$20.00
7501020562002,Lala Crema 233 ml,$25.00
7501020513134,Lala Crema Acida 200 ml,$25.00
7501020562019,Lala Crema 431 ml,$42.00
7501020561906,Lala Crema Acida 417 ml,$45.00
7501041204011,Norteñita Crema 250 ml,$25.00
7501040086892,Norteñita Crema Espesa Acida 180 g,$27.00
7501594377439,Camelia Crema Vegetal 850 g,$32.00
7501041204028,Norteñita Crema 450 ml,$47.00
7501020520040,Lala Entera 500 ml,$18.00
7501020556841,Lala 100 Proteina Cacao 330ml,$22.00
7501020556858,Lala 100 Proteina Fresa 330ml,$22.00
7501020527278,Lala Deslactosada 1 L,$32.00
7501020510805,Lala Light 1 L,$32.00
7501020526066,Lala Entera 1 L,$32.00
7501020565928,Lala Deslactosa Light T 1 L,$36.00
7501020565911,Lala Deslactosada TetraPack1 L,$36.00
7501020565935,Lala Entera TetraPack 1 L,$36.00
7501020565942,Lala Light TetraPack 1 L,$36.00
7501020548495,Lala 100 Entera Proteina 1 L,$40.00
7501020550986,Lala 100 Entera Sin Lactosa 1 L,$40.00
7501020555301,Lala 100 Deslactosada Sin Lactosa 1 L,$40.00
7501020548440,Lala 100 Entera Proteina Light 1 L,$40.00
7501020552942,Lala Vita Almendras 960 ml,$50.00
7501020547047,Lala Entera  1.86 L,$54.00
7501020562064,Nutri 950 ml,$23.00
7501020540666,Nutri TetraPack 1 L,$23.00
7501055377190,Santa Clara Fresa 180 ml,$13.00
7501055377206,Santa Clara Vainilla 180 ml,$13.00
7501055377183,Santa Clara Chocolate 180 ml,$13.00
7501055377213,Santa Clara Capuchino 180ml,$13.00
7501295600126,Santa Clara Entera 1 L,$32.00
7501295600157,Santa Clara Deslactosada 1 L,$32.00
7501013610017,Gloria Mantequilla Con Sal 90g,$30.00
8719200223455,Primavera Con Sal 110 g,$30.00
8719200450394,Primavera Sin Sal 190 g,$48.00
7501020532036,Lala Arroz con Leche 125 g,$14.00
7501020510041,Lala Flan 1 pza,$14.00
75030551,Yoplait Flan 100 g,$14.00
7501020564969,Lala Yomi Gelatina Fresa 100g,$10.00
7501020564983,Lala Yomi Gelatina Uva 100g,$10.00
7501020564976,Lala Yomi Gelatina Limon 100g,$10.00
7501020566505,Lala Yomi Gelatina Piña 100g,$10.00
7501020514315,Lala Natilla 125 g,$14.00
7501020552799,Lala Delicias Pay Fresa,$22.00
7501020552782,Lala Delicias Pay Limon,$22.00
7501020556827,Lala Delicias Oreo,$22.00
7501040801020,Chen Americano 10Reb 180g,$46.00
7501044801354,Chen Panela 200 g,$45.00
7501041201218,Chen Asadero 200 g,$72.00
7501041210043,Chen Rallado Mezcla Mexicana 300 g,$95.00
7501594374735,Chen Panela 400 g,$89.00
7501040083815,Fud Manchego 10 Reb 180 g,$48.00
7501040083808,Fud Americano 10 Reb 180 g,$48.00
7501040083716,Fud Queso Panela 200 g,$50.00
7501040083884,Fud Manchego R. Redondas,$65.00
7501040081477,La Villita Americano 10R 175g,$35.00
7501040081996,La Villita Manchego 8+2R,$35.00
7501040081897,La Villita Panela Canasto 200g,$42.00
7501040084928,La Villita Queso Nachos 500 g,$40.00
7501040083136,La Villita Manchego R 200 g,$48.00
7501040081910,La Villita Monterrey Jack R 210g,$48.00
7501040081576,La Villita Sierra 250 g,$58.00
7501040082801,La Villita Oaxaca 200 g,$60.00
7501040080012,La Villita Panela Cremo 400g,$85.00
7501020537390,Lala Manchego 8 Reb 144 g,$34.00
7501020537383,Lala Americano 8 Reb 144 g,$34.00
7501020512304,Lala Panela 200 g,$47.00
7501020512571,Lala Oaxaca 200 g,$47.00
7501020512250,Lala Manchego 200 g,$55.00
7501020512274,Lala Chihuahua 200 g,$55.00
7501041203243,Norteño Queso 170 g,$37.00
7501518476354,Parma Queso Parmesano 85g,$69.00
7622210561558,Philadelphia 180 g,$48.00
7501040077456,Camelia Queso Nacho 1.1kg,$41.00
7501020538311,"Lala Yoghurt F100g,Cereal 6g",$15.00
7501020538304,"Lala Yoghurt F100g,Cereal 6g",$15.00
7501020564051,"Lala Yoghurt F100g,Cereal 6g",$15.00
7501020561142,Lala Yoghurt Durazno 4g P 220 g,$17.00
7501020561234,Lala Yoghurt Piña Coco 4g P 220 g,$17.00
7501020561210,Lala Yoghurt Manzana 4g P 220 g,$17.00
7501020561159,Lala Yoghurt Fresa 4g P 220 g,$17.00
7501020561203,Lala Yoghurt Mango 4g P 220 g,$17.00
7501020535266,"Lala Yoghurt F190g,Granol 6g",$20.00
7501020535754,Lala Yoghurt Fresa 440 g,$26.00
7501020571035,Lala Yoghurt Piña Coco 440 g,$26.00
7501020563757,Lala Yoghurt Mango 900 g,$59.00
7501020563733,Lala Yoghurt Fresa 900 g,$59.00
7506475100786,"Nestle Licuado F, P, A, T 500g",$28.00
7501040091230,Yoplait Beber Piña Coco 220g,$15.00
7501040091223,Yoplait Beber Durazno 220 g,$15.00
7501040091407,Yoplait Beber Fresa 220 g,$15.00
7501040091117,Yoplait Beber Piña Coco 330g,$20.00
7501040092619,Yoplait Beber Durazno 330 g,$20.00
7501040091124,Yoplait Beber Fresa 330 g,$20.00
7501040094439,Yoplait Disfruta Mango 307 g,$22.00
7501040094422,Yoplait Disfruta Fresa 307 g,$22.00
7501040095504,Yoplait Disfruta Durazno 307g,$22.00
7501040092787,Yoplait Disfruta Fresa 442 g,$30.00
7501040092770,Yoplait Disfruta Durazno 442 g,$30.00
7501040098673,Yoplait Doble Cero  Frutos Rojos 220g,$15.00
7501040098666,Yoplait Doble Cero  Ciruela Pasa 220g,$15.00
7501040098109,Yoplait Griego Natural 120g,$15.00
7501040092886,Yoplait Griego Fresa 220g,$18.00
7501040096082,Yoplait Kids Fresa Tapa 100 g,$10.00
7501040098154,Yoplait Kids Uva Tapa 100 g,$10.00
7501040096075,Yoplait Kids Fresa 220 g,$15.00
7501040094224,"Yoplait Licuado M,P,G 470 g",$27.00
7501040095344,"Yoplait Licuado F,P,N 470 g",$27.00
7501040090691,"Yoplait Yoghurt F, C 442 g",$25.00
7501040097577,Yoplait Yoghurt Fresas 470 g,$27.00
7501040097768,Yoplait Yoghurt Piña Coco 470 g,$27.00
7501040094118,Yoplait Yoghurt Natural 422+C,$30.00
7501040098390,Yoplait Yoghurt Beber Fresas 950 g,$46.00
7501000116430,Bran Frut Piña 48 g,$13.00
7501000116447,Bran Frut Fresa 48 g,$13.00
7500478022519,Emperador Vainilla 109 g,$22.00
7500478022496,Emperador Chocolate 109 g,$22.00
7500478021581,Emperador Combinado 109 g,$22.00
7500478022540,Emperador Nuez 109 g,$22.00
7500478015108,Emperador Piruetas 211 g,$33.00
7500478015238,Emperador Chocolate 200 g,$33.00
7500478015085,Emperador Combinado 200 g,$33.00
7500478024650,Gamesa Flipy 45 g,$13.00
7500478005598,Gamesa Pan Crema 106 g,$14.00
7500478008926,Gamesa Chokis 57 g,$17.00
7500478026562,Gamesa Florentinas Fresa 110 g,$20.00
7500478037445,Gamesa Florentinas Chocotella  83 g,$20.00
7500478038886,Gamesa Delicias 153 g,$20.00
7500478022908,Gamesa Cremax Fresa 113 g,$20.00
7500478022892,Gamesa Cremax Vainilla 113 g,$20.00
7501000669509,Gamesa Barras de Coco 117 g,$20.00
7501000635726,Gamesa Arcoiris 75 g,$20.00
7500478037421,Gamesa Chokis Chokobase 73.5 g,$20.00
7500478022885,Gamesa Cremax Choco 113 g,$20.00
7501000641482,Gamesa Maravillas 116 g,$20.00
7500478010592,Gamesa Marias 177 g,$20.00
7500478042128,Gamesa Saladitas 140 g,$24.00
7501000604685,Gamesa Chokis Rellena 90 g,$20.00
7501000624683,Gamesa Flor de Naranjo 100g,$22.00
7501000662654,Gamesa Habaneras Int 117 g,$22.00
7500478015931,Gamesa Fruts Fresa 130 g,$25.00
7501000612147,Gamesa Cremax Fresa 213 g,$33.00
7501000612130,Gamesa Cremax Choco 213g,$33.00
7501000612161,Gamesa Cremax Vainilla 213g,$33.00
7500478013944,Gamesa Chokis 180.5 g,$33.00
7500478037254,Gamesa Marias Doradas 199g,$30.00
7500810033524,Marinela Swiss Roll 40 g,$7.00
7501000153763,Marinela Rocko 44 g,$10.00
7501000103065,Marinela Chocotorro 50 g,$15.00
7501000103034,Marinela Dalmata 55 g,$15.00
7501000153107,Marinela Gansito 50 g,$16.00
7500810014738,Marinela Barritas Piña 75 g,$16.00
7500810014721,Marinela Barritas Fresa  75 g,$16.00
7500810014745,Marinela Barritas Moras 75 g,$16.00
7500810025192,Suavicremas Chocolate 100 g,$16.00
7500810025208,Suavicremas Vainilla 100 g,$16.00
7500810025215,Suavicremas Fresa 100 g,$16.00
7501000140855,Marinela Triki-Trakes 85 g,$18.00
7503029151829,Marinela Plativolos 92 g,$16.00
7501000153459,Marinela Rollo Fresa 75 g,$18.00
7500810011157,Marinela Principe Limon 126g,$20.00
7500810011126,Marinela Principe 126 g,$20.00
7500810011133,Marinela Principe Avellana126g,$20.00
7500810011140,Marinela Principe Chocolate Blanco 126 g,$20.00
7501000138944,Marinela Sponch 120 g,$20.00
7500810028032,Marinela Polvorones 148 g,$20.00
7500810022801,Marinela Canelitas 120 g,$20.00
7501000153282,Submarinos Vainilla 105 g,$20.00
7501000153374,Submarinos Fresa 105 g,$20.00
7501000156214,Submarinos Chocholate 105g,$20.00
75002275,Marinela Choco Roles Piña,$22.00
7501000153800,Marinela Pingüinos 80 g,$22.00
7500810038185,Marinela Choco Roles Frutos Rojos,$22.00
7501030433453,Marinela Napolitano 140 g,$25.00
7501030426912,Marinela Pay Nuez 96 g,$25.00
7501030426905,Marinela Pay Piña 110 g,$25.00
7501030418504,Marinela Principe 210 g,$32.00
7501030418528,Marinela Triki-Trakes 215 g,$32.00
7501030418542,Marinela Canelitas 224 g,$32.00
7501030418559,Marinela Polvorones 310 g,$32.00
7501030424345,Multigrano Nuez 34 g,$13.00
7622210833709,Nabisco Ritz 89 g,$12.00
7622210833662,Nabisco Oreo 114 g,$19.00
7501761802566,Quaker Galletas Chocolate 60g,$17.00
7501761802351,Quaker Galletas Manzana 60g,$17.00
7501761802375,Quaker Galletas F. Rojos 60 g,$17.00
7622201390068,Nabisco Ritz 30 g,$10.00
7501000651375,Gamesa Mamut 44 g,$12.00
7622210575289,Nabisco Oreo 189 g,$32.00
7500810015346,Pan Tostado Mini Mantequilla 115 g,$26.00
7501000111855,Bimbo Pan Molido 210 g,$28.00
7501000149100,Bimbo Pan Molido Crujiente 175 g,$28.00
7501000111800,Pan Tostado Clasico 210 g,$33.00
7501000112333,Pan Tostado Doble Fibra 250g,$36.00
7501000111503,Bimbo Medias Noches 340 g,$45.00
7501000300730,Bimbo Linaza 610 g,$60.00
7500810029183,Bimbo Blanco G 620 g,$47.00
7501030452553,Bimbo Artesano 500 g,$50.00
7501000111695,Bimbo Bimbollos Super c/6 480 g,$53.00
7501000131440,Bimbo Multigrano 610 g,$62.00
7501030467090,Bimbo Cero Cero 567 g,$62.00
7501030426745,Bimbo Medias Noches Brioche 384 g,$56.00
7500810022092,Bimbo Bimbollos Parrilleros c/6 516 g,$57.00
7501030433729,Bimbo Bimbollos Brioche c/6 465 g,$64.00
74714086063,Mrs. Cubbisons Crutones Ajo y Mant 80 g,$38.00
74714086599,Mrs. Cubbisons Crutones Ajo y Mant Texas 142 g,$47.00
74714086056,Mrs. Cubbisons Crutones Cesar 80 g,$38.00
7501030478386,Wonder Blanco 567g,$60.00
7501030478409,Wonder Integral 567g,$60.00
7501000112845,Bimbo Rebanadas 55 g,$10.00
7500810020456,Bimbo Conchas Vainilla 60g,$10.00
7501000123094,Bimbo Mantecadas 62.5g,$12.00
7501000112784,Bimbo Nito 62 g,$15.00
7501030469827,Bimbo Little Bites Choco 69 g,$15.00
7501000112203,Bimbo Colchones 130 g,$16.00
7501000132706,Bimbo Conchas Vainilla 120g,$20.00
7501030477488,Bimbo Madalenas 93 g,$22.00
7501030474227,Bimbo Donas Azucara 157.5g,$22.00
7501000112388,Bimbo Panquecitos 140 g,$22.00
7503030374002,Bimbo Roles Glaseado 205 g,$25.00
7503030199995,Bimbo Roles Canela 180 g,$25.00
7501030472698,Bimbo Bimbuñuelos 99 g,$22.00
7501030418399,Bimbo Donitas Espolvoreadas 140g,$22.00
7501030409854,Bimbo Nito 2 Pack 124 g,$25.00
7501030420859,Bimbo Mantecada Chispas 190.5g,$28.00
7501030475514,Bimbo Mantecadas Nuez 184.5g,$30.00
7501030475521,Bimbo Mantecadas 187.5g,$30.00
7500810015810,Bimbo Panque Nuez 280 g,$40.00
7500810015803,Bimbo Panque Pasas 280 g,$40.00
7500810015964,Deliciosas Betunadas 230 g,$25.00
7500810016008,Deliciosas Chochitos 230 g,$25.00
7501030463719,Deliciosas ChocoChispas 230,$25.00
7501030463733,Deliciosas Vainilla 230 g,$25.00
7500810015988,Deliciosas Bombon 170 g,$25.00
7501030421443,Lara Favoritas Nuez 155 g,$18.00
7501030421450,Lara Favoritas Vainilla 155 g,$18.00
7501030444954,Lara Animalitos 200 g,$20.00
7503028643417,Tartinas Fresa 100 g,$18.00
7503028643424,Tartinas Piña 100 g,$18.00
7503028643431,Tartinas Zarzamora 100 g,$18.00
7501030457008,Mini Doraditas 58 g,$10.00
7501030456988,Tia Rosa Galleta Avena 66 g,$12.00
7500810008782,Tia Rosa Galleta Avena Arandano Chia 66 g,$12.00
7503033555798,Tia Rosa Doraditas Nuez 127 g,$16.00
7500810029077,Tia Rosa Bigote 80 g,$15.00
7500810029206,Tia Rosa Bigote Cajeta 80 g,$15.00
7501030464242,Tia Rosa Doraditas 127 g,$16.00
7501030458814,Tia Rosa Polvoroncitos 90 g,$18.00
7501030418689,Tia Rosa Muffin 130 g,$18.00
7501000142705,Tia Rosa Cuernitos 100 g,$18.00
7501030474357,Tia Rosa Pachoncitos 140 g,$22.00
7501000142453,Tia Rosa Conchas 120 g,$22.00
7501030456322,Tia Rosa Mantecadas 157.5 g,$26.00
7501030456124,Tia Rosa Mantecadas Choc 142.5g,$26.00
7503032991429,Tia Rosa Mantecadas Naranja Choc 165 g,$26.00
1750008090013,Azteca Campechanitas,$32.00
604625011009,Santiago Turcos 280 g,$47.00
7503014342089,El panalito Bisquet Integral,$28.00
7503014342140,El panalito Polvoron Integral,$28.00
7503014342027,El panalito Semita Blanca Integral,$28.00
7503014342256,El panalito Pan Integral,$28.00
7503021009333,El Padrino Trompo 500 g,$65.00
7503021009388,Hacienda San Jose Carnita,$43.00
7503021009357,MaryLy Carne de Res 200 g,$60.00
7501040006036,Chimex Chorizo Rancher 100g,$22.00
7503027685029,Los Reyes Chorizo 60 g,$12.00
7501040017841,El Cazo Flautas Pollo 20 pzas,$49.00
7501040017681,El Cazo Flautas Res 20 pzas,$49.00
7501040044533,Fud Pizza Pepperoni ,$52.00
7501040044649,Fud Pizza Pepperoni 2 Pack,$84.00
7503003999973,Tamales Villa de Juarez 12pz,$100.00
7501040002335,Chimex Jamon C P-C 162 g,$25.00
7501040006975,Chimex Jamon de Pierna 225g,$29.00
7501040024337,Chimex Jamon A P-C 250g,$38.00
7501040023545,Fud A Jamon Pavo-Cerdo196g,$43.00
7501040023644,Fud A Jamon Pavo 196g,$45.00
7501040005831,Fud V Jamon Pavo 290g,$68.00
7501040004742,Fud V Pavo-Cerdo 290g,$78.00
7501040001161,Fud V Pechuga Pavo 250 g,$104.00
7501013610024,Gloria Mantequilla Sin Sal 90g,$30.00
7501040082139,La Villita Con Sal 90 g,$17.00
7501020535594,Lala Margarina  Con Sal 90 g,$20.00
7501020537970,Lala Mantequilla Sin Sal 90 g,$24.00
8719200450516,Primavera Con Sal 90 g,$20.00
8719200450455,Primavera Con Sal 190 g,$48.00
7501040010569,Chimex Mortadela 250 g,$30.00
7501040024269,Chimex Salchichas con Pavo 266g,$26.00
7501040009921,Chimex Salchicha Pavo 400g,$31.00
7501040023385,Chimex Salchicha Jochera 600g,$44.00
7501040005572,Chimex Salchicha Polaca 350g,$67.00
7501040003073,Chimex Salchicha Asar 800 g,$80.00
7501040009754,Fud Salchicha Viena 266 g,$30.00
7501040009761,Fud Salchicha Pavo 266 g,$30.00
7501040003417,Fud Salchicha Pavo 500 g,$58.00
7501040009839,Fud Salchicha Hot Dog 500g,$85.00
7501040027499,San Rafael Salchi Pavo 500g,$77.00
7501040023026,Chimex Tocino Ahumado 170g,$75.00
7501040005428,Fud Tocino Ahumado 250 g,$94.00
200983010010,De Mari Tortillas de Harina 20 pza,$30.00
160000082017178,De Mari Gorditas de Harina 5 pza,$30.00
7503031028812,Del Hogar Tortillas de Harina 12pz,$18.00
7501030475187,Del Hogar Tortillas de Harina 10pz,$26.00
7503023505086,La Casita Tortillas Harina 20 pz,$32.00
7503005933043,Las Güeras Tortilla Harina 25 ,$40.00
7500810022894,Tia Rosa Tortillinas 10+2 pza,$28.00
7504001856794,La Trigenita tortillas de harina 20 pza,$35.00
7500463139826,Cisneros Tortillas Rojas 20 pza,$27.00
7500463139802,Cisneros Tortillas Amarilla 1 kg,$32.00
7500463139819,Cisneros Tortillas Taqueras 800g,$32.00
7503023183017,Tortillas La Luz 1 kg,$27.00
7503023063043,Tortillas La Luz 1 kg,$27.00
7500810031551,Sanissimo Tortilla Clasica 400 g,$28.00
7500810031698,Sanissimo Tortilla con Chia 400 g,$28.00
756702000335,Charras Tostadas Rojas,$36.00
756702000328,Charras Tostadas,$36.00
7503009733038,El Gallo Tostadas Rojas 250g,$35.00
7503009733014,El Gallo Tostadas Rojas 350g,$42.00
7503009733298,El Gallo Tostadas Cevicheras,$57.00
7503009733212,El Gallo Tostadas Deshidratadas,$52.00
7503009733052,El Gallo Tostadas Rojas 50 pza,$52.00
7503009733083,El Gallo Tostadas Siberia 450g,$57.00
7503009733069,El Gallo Tostadas Rojas 70 pza,$64.00
7503009733076,El Gallo Tostadas Rojas 90 pza,$80.00
7503032248325,Milpa Real Tostadas Rojas,$39.00
7501030474739,Milpa Real Tostadas de Maiz,$39.00
658480001958,Sanissimo Salmas 90 g,$25.00
7500810009062,Sanissimo Tostadas 160 g,$26.00
658480001101,Sanissimo Salmas 144 g,$33.00
658480001262,Sanissimo Tostadas 216 g,$38.00
729151021114,Trega Tosti Tacos 160 g,$42.00
729151011139,Trega Tosti Tostadas 300 g,$42.00
729151011269,Trega Tosti Tostada Aj 300 g,$42.00
729151011337,Trega Tostadas Deshidratadas,$46.00
7501000364695,Del Hogar Totopos 280 g,$35.00
7501030480778,Milpa Real Totopos de Maiz,$39.00
7501361155093,Avant Gotas Terciopelo 65ml,$70.00
7501214982517,Barrilito Cortauñas Ch,$25.00
7501214982531,Barrilito Cortauñas Gde,$45.00
759684433054,Jaloma Pasadores 50 pza,$15.00
759684391156,Jaloma P. Labios Piña,$10.00
759684391101,Jaloma P. Labios Manzana,$10.00
759684391057,Jaloma P. Labios Cereza,$10.00
759684391200,Jaloma P. Labios Violeta,$10.00
759684272103,Jaloma Kiuts Aplicadores 100,$25.00
7501361152009,Avant Quitaesmalte Froral 80,$20.00
70330717534,Bic Comfort 3,$20.00
7500435154420,Gillette Prestobarba 2,$20.00
7702018880409,Gillette Prestobarba 3,$30.00
7500435169776,Perma Sharp II,$15.00
6910021007206,Colgate Cepillo Premier Clean,$20.00
7509546658223,Colgate Cepillo zigzag,$30.00
7509546031828,Colgate Cepillo Extra Clean Duro 2,$40.00
7501086494279,Oral-B Cepillo Normal 40,$30.00
7702010631207,Colgate Cepillo Triple Accion Medio 2,$40.00
7702035433299,Listerine Pro Encias 250 ml,$75.00
7501057006364,Listerine Cuidado Total 250ml,$75.00
312547321808,Listerine Cool Mint 250 ml,$75.00
7501279710155,Ciervo Palillos 250 pza Caja,$14.00
7501279710162,Ciervo Palillos 250 pza Bote,$16.00
7503028468010,Picudos Palillos 250 pza Bote,$16.00
7509546068909,Colgate Triple Blancura 50 ml,$22.00
7509546003108,Colgate Triple-Accion 50 ml,$20.00
7501035911567,Colgate Original 50 ml,$27.00
7509546000985,Colgate Triple-Accion 75 ml,$32.00
7509546007083,Colgate Total 50 ml,$28.00
7509546009179,Colgate Original 75 ml,$32.00
7509546687353,Colgate Original 90 ml,$46.00
7501006733907,Crest Complete 100 ml,$35.00
7501140700636,Pielux Cepillo Bolero No15,$75.00
7501140700469,Pielux Esponja Lustradora Neutro,$48.00
7501140700032,Pielux Jabon Calabaza 115 g,$20.00
7501044205404,Olormax Talco 150 g,$20.00
7501058743121,Nugget Negro 60 ml,$25.00
7501058743145,Nugget Cafe 60 ml,$25.00
7501058743107,Nugget Blanco 60 ml,$25.00
706347001174,Pacsa Grasa Neutro 90 g,$40.00
718644080868,El Oso Grasa Cafe 90 g,$50.00
706347001198,Pacsa Grasa Negro 90 g,$40.00
7501140700308,Pielux Tinta Negra 290 ml,$45.00
706347001532,Pacsa Tinta Cafe 125 ml,$25.00
7791293025810,Axe Fusion 150 ml,$70.00
7791293025797,Axe Dark Temptation 150 ml,$70.00
7506306246652,Dove Original 90 g,$20.00
7501027254436,Obao Frescura Intensa 65 g,$40.00
7501839106268,Obao Men Cool Metal 65 g,$40.00
7501027286017,Obao Men Classic 65 g,$40.00
7501027286024,Obao Men Active 65 g,$40.00
7501027272706,Obao Frescura Floral 65 g,$40.00
7509552906158,Obao Fresquisima 65g,$40.00
20800307642,Old Spice Fresh 50 g,$69.00
75076337,Rexona V8 50 g,$62.00
7791293032436,Rexona Women Powder 150ml,$65.00
7502312520236,SEC Woman Delicta 65 g,$20.00
7502312520205,SEC Man Xtreme 65 g,$20.00
7501035900264,Stefano Black 50 ml,$42.00
7509546071275,Lady Speed Stick Powder Dry 100 ml,$46.00
7506425606931,Escudo Frescura 150g,$25.00
7506425606917,Escudo Original 150g,$25.00
7506425606900,Escudo Neutro 150g,$25.00
7506425650682,Escudo Proteccion y Frescura 150g,$25.00
7501022105207,Grisi Neutro 150 g,$30.00
7501022105276,Grisi Neutro 200 g,$35.00
7509546684628,Palmolive Neutro B Dermo 180 g,$23.00
7509546682471,Palmolive Humectante 120 g,$22.00
7509546682280,Palmolive Lavanda y Crema 120 g,$22.00
7501026005688,Zote Jabon Rosa 200 g,$15.00
7501026005381,Zote Jabon Blanco 200 g,$15.00
7506306246058,Zest Jabon Neutro 135 g,$29.00
7506306245990,Zest Jabon Aqua 135 g,$29.00
7501026005671,Zote Jabon Rosa 400 g,$30.00
7501026005374,Zote Jabon Blanco 400 g,$30.00
7501032911539,OFF! Repelente Family 60 g,$49.00
7501032918392,OFF! Repelente Family 200 ml,$95.00
7501032927202,OFF! Repelente Spray 170 g,$137.00
7501032911478,OFF! Repelente Atomizador 177 ml,$147.00
7501361154003,Baby Vaselina Rosa 50 g,$25.00
7501056340124,Sedal Ceramidas 300 ml,$52.00
7501506700010,Moneli Enjuague 900 ml,$29.00
650240033155,Vanart Enjuague en Crema 750 ml,$55.00
7501878705323,atm Gel 250 g,$23.00
7501878711164,atm Gel Macho Alfa 250 g,$23.00
7506192506601,Ego Attraction Gel 200 ml,$33.00
7506192503358,Ego Magnetic Gel 200 ml,$33.00
7501199427874,Shine Aceite Almendra 200 ml,$56.00
7501199427898,Shine Karite 200 ml,$56.00
7501199413952,Shine Rizos Jojoba 200 ml,$56.00
7501199427867,Shine Argan y Miel 200 ml,$56.00
7501199427881,Shine Rizos Jojoba 200 ml,$56.00
7509546073033,Caprice S Ceramidas 200 ml,$22.00
7509546073040,Caprice S Biotina 200 ml,$22.00
75064273,Caprice S Aceite Herbal 200 ml,$22.00
7509546073088,Caprice Control Caspa 200 ml,$22.00
7509546073156,Caprice S Manzana 380 ml,$42.00
7509546686745,Caprice Control Caspa 380ml,$42.00
7509546073118,Caprice S Ceramidas 380 ml,$42.00
7509546072401,Caprice S Ceramidas 750 ml,$65.00
7509546072395,Caprice S Biotina 750 ml,$65.00
7500435019958,Head & Shoulders 180 ml,$38.00
7500435019811,Head & Shoulders 2en1 180ml,$38.00
7500435019521,Head & Shoulders Men 180 ml,$38.00
7501506700041,Moneli Shampoo N 900 ml,$29.00
7501506700034,Moneli Shampoo M 900 ml,$29.00
7501001170288,Pantene Clasico 200 ml,$45.00
7501001169091,Pantene Rizos Def 200 ml,$45.00
650240033148,Vanart Crematizado 750 ml,$55.00
650240033124,Vanart Duo 750 ml,$55.00
650240033131,Vanart Hierbas 750 ml,$55.00
650240033117,Vanart Control Caspa 750 ml,$55.00
7509546058955,Caprice Acti-Ceramida 316ml,$68.00
7509546058979,Caprice Extracto Algas 316ml,$68.00
7509546657127,Palmolive Manzana y Gardenia  221 ml,$38.00
7506425613168,Kleenex Pañuelos 90 pzas,$26.00
7502247338845,Big Roll Plus 1 Rollo,$14.00
7501050410557,Big Facial Quality 6 Rollos,$67.00
7501943458499,Kleenex Mega Jumbo 1 Rollo,$10.00
7501943458185,Kleenex Mega Jumbo 4 Rollo,$42.00
7501943412200,Petalo Ultra Resist 4 Rollos 400H,$40.00
7501036626170,Regio Aires Lavanda 4 R,$26.00
7501036626163,Regio Aires Lavanda 4 Rollos,$36.00
7501036625050,Regio EcoMax 6 Rollos,$42.00
7501036624015,Regio Rinde + 8 Rollos,$59.00
7501943432451,Kotex Protectores Largo 14p,$17.00
7501019068416,Saba Protectores 16 Regular,$15.00
7501019068713,Saba Protectores 16 Largo,$17.00
7501019068515,Saba Protectores Diarios 28,$30.00
7501019068911,Saba Protectores Diarios Largo 28,$35.00
20800600330,Tampax Super 10 ,$59.00
20800600323,Tampax Regular 10 ,$59.00
20800600347,Tampax Super Plus 10 ,$59.00
7501017360918,Kotex Tampon Regular 10,$38.00
7501943424562,Kotex NF Con Alas A 10,$23.00
7501943418509,Kotex N Con Alas SA 8,$28.00
7501943494220,Kotex Unika N Con Alas SA 10,$37.00
7501019006104,Saba IC Sin Alas M 12,$14.00
7501019006371,Saba I Delgada Con Alas M 10,$22.00
7501019007606,Saba CM N Con Alas SA 8,$25.00
7501019030352,Saba CM Reg Con Alas M 10,$25.00
7501019006388,Saba UI Ultradelgada Con Alas A 14,$30.00
7501019050664,Saba BN E Con Alas SA 8,$38.00
7501019006647,Saba UI N Ultradelgada SA 10,$42.00
7501019006609,Saba BN N Sin Alas SA 10,$45.00
7501019036590,Saba BN E Con Alas SA 12,$55.00
7506295369387,Tampax Super Pearl 8 ,$59.00
75062576,Alka-Seltzer 2 Tabletas,$10.00
7501008443033,Alka-Seltzer 12 Tabletas,$44.00
7501008491966,Aspirina 40 tabletas,$59.00
7501008433676,CafiAspirina 40 tabletas,$60.00
75061630,Contac Ultra 2 Tabletas,$14.00
7501065060891,Contac Ultra 6 sobres,$70.00
7502276040368,Desenfriol D 30 tabletas,$96.00
17501007529360,Lomotil 8 Carteras,$160.00
20800753067,Pepto-Bismol 118 ml,$142.00
7501041941930,Picot Sal de Uvas 5 g,$8.00
7501095451096,Picot Sal de Uvas 10 sobres,$60.00
7501095452505,Tempra Forte 24 tabletas,$131.00
7501095452147,Tempra 500 g 20 tabletas,$132.00
7590002036457,Vick Pyrena 5 g,$18.00
75916565,Vick VapoRub 12 g,$35.00
7501001168896,Vick Pyrena 12 sobres,$180.00
7501361162015,Avant Baby Aceite Azul 200 ml,$43.00
7501361162022,Avant Baby Aceite Rosa 200 ml,$43.00
7501361151026,Baby Chupon Mordedora,$6.00
7506475102490,Gerber Frutas Mixtas 6M 100 g,$16.00
7506475102452,Gerber Pera 6M 100 g,$16.00
7506475102476,Gerber Durazno 6M 100 g,$16.00
7506475102506,Gerber Platano 6M 100 g,$16.00
7506475102469,Gerber Mango 6M 100 g,$16.00
7506475102520,Gerber Carne-Arroz 6M 100 g,$16.00
7506475102483,Gerber Ciruela Pasa 6M 100g,$16.00
7506475102421,Gerber Manzana 6M 100 g,$16.00
7506475102537,Gerber Pollo-Verduras-Arroz 6M 100 g,$16.00
7501000904228,Gerber Pollo-Arroz 6M 113 g,$18.00
7501000904235,Gerber Pollo-Pasta 6M 113 g,$18.00
7501000904242,Gerber Carne-Verduras 6M 113 g,$18.00
75004743,Gerber Mango 10M 170 g,$24.00
75004705,Gerber Manzana 10M 170 g,$24.00
7501000906253,Gerber Carne-Arroz 10M 170 g,$24.00
7501000906246,Gerber Pollo-Arroz 10M 170 g,$24.00
75004729,Gerber Frutas Trop 10M 170g,$24.00
75004767,Gerber Pera 10M 170 g,$24.00
7501000906680,Gerber Verduras Ternera 10M 170 g,$24.00
7501000906284,Gerber Verduras Pavo 10M 170 g,$24.00
7501000910366,Gerber Manzana Mango 10M 170 g,$24.00
7509546072050,Mennen Shampoo 200 ml,$33.00
13117029895,Chicolastic Toallitas 48 pza,$18.00
7501943471337,Kleen Bebe Toallitas  90 pza,$30.00
7702136645003,CureBand Venditas 100 pz,$48.00
759684315107,Jaloma Agua Oxigenada 112ml,$15.00
7503003406273,Quirmex Gasa 10 cmx10cm,$2.00
759684076152,Algodon Absorbente 50 g,$15.00
13602001504,Bicarbonato de Sodio 220 g,$28.00
7501025411176,Flash Pastillas Lavanda 65 g,$18.00
7501032900243,Glade Manzana Canela 400 ml,$65.00
7501032938215,Glade Campos Lavanda 400 ml,$65.00
7501032915421,Glade Frescura Matinal 400 ml,$65.00
46500006210,Glade Jardin Campestre 400 ml,$65.00
7503036165383,Glade Sandia Refrescante 400 ml,$65.00
7501058752796,Lysol Frescura 475 g,$175.00
7506305102492,Selanusa Aceite Multiusos 100 ml,$35.00
7506240636403,Klintek Cepillo Plancha,$20.00
7502237250003,Perico Cepillo Sanitario,$30.00
7502232360110,Cepillo Sanitario,$50.00
7501972405150,FerPlast Cubeta No.12,$40.00
7501008828328,Destapacaños,$35.00
1211200812020,Esponplastic Fibra Jabon,$10.00
1211200812075,Esponplastic Esponja Alambre,$10.00
749968500633,Esponplastic Pqte. c/2 Fibra Esponja,$15.00
749968501753,Esponplastic Fibra Espiral,$20.00
749968505300,Esponplastic Esponja p Auto,$20.00
749968501708,Esponplastic Fibra Alambre,$25.00
7506601400551,Nitram Fibra Metalica ,$12.00
7501023116776,Scoth-Brite Fibra Baños ,$15.00
7501023116776,Scoth-Brite Mi Fibra Baños,$15.00
7501023100089,Scoth-Brite Fibra Esponja ,$26.00
7501023100027,Scoth-Brite Fibra Verde ,$30.00
7501023100072,Scoth-Brite Fibra Esponja ,$44.00
7506130700092,Soga Fibra Verde 3 pza,$15.00
749968505263,Esponbaño,$12.00
7501019106026,Vitex Guantes Talla 7,$38.00
7501019106040,Vitex Guantes Talla 8,$38.00
7501019106064,Vitex Guantes Talla 9,$38.00
7501019106071,Vitex Guantes Talla 10,$38.00
7501044500523,Pimex Pinzas de Aro 30,$37.00
7501044500028,Pimex Pinzas Madera 50,$60.00
7501876900362,Pimex Pinzas Aro Plastico 36,$40.00
7501035903623,Magitel 5 Telas,$25.00
7502271450278,Virutex Paño Multiuso Ultra 5 pza,$75.00
75000592,Cloralex 250 ml,$9.00
75000608,Cloralex 500 ml,$14.00
7501025405076,Cloralex Gel 500 ml,$15.00
75000615,Cloralex 950 ml,$24.00
7501025405151,Cloralex Gel 950 ml,$27.00
7501025400941,Cloralex Color 950 ml,$33.00
7501025411992,Cloralex Mascotas Ext 950 ml,$39.00
75000622,Cloralex 2 L,$40.00
7503004301010,Don Luis Carbon Mezquite 3,$75.00
7502236565191,Alu Facil Plus Charola Ovalada,$35.00
7501021166308,Bacterin 20 ml,$28.00
7501086106899,Tokai Encendedor,$10.00
7501086106394,Tokai Encendedor,$38.00
75036553,Clasicos Fosforos 50 pza,$4.00
7501232002303,Flama Fosforos 115 pza,$10.00
400003441037,ChefStyle Jeriga de Cocina,$35.00
400002835844,Jeringa de Cocina,$36.00
7503013673337,Anguiplast Bolsa Basura Med 1Kg,$48.00
7503013673344,Anguiplast Bolsa Basura Gde 1Kg,$48.00
752216081051,Jaguar Charola 855 16.5x21.6cm,$40.00
7502208800558,Reyma Mariel Charola 066,$32.00
7502208805454,Reyma Mariel Charola 855,$40.00
7502240970004,SMTY Cuchara Chica 50 pz,$16.00
7502240970509,SMMTY Cuchara Gde 25 pz,$16.00
7502240971049,SMMTY Tenedor Gde 25 pz,$16.00
7502240970387,SMMTY Cuchara Med 25 pz,$16.00
7502240970479,SMMTY Tenedor Med 25 pz,$16.00
7502240970196,SMMTY Tenedor Ch 25 pz,$16.00
7502240973760,SMMTY Cuchillo Gde 25 pz,$16.00
7504004890306,Eco Folil Papel Aluminio 7,$18.00
7503010473428,Mega Max Hojas Aluminio 200,$110.00
10900199056,Reynolds Papel Aluminio,$56.00
7503010473619,Mega Max Pelicula Plastica 30 m,$25.00
7502208805225,Reyma Plato No. 6 25 pza,$20.00
7502208802262,Reyma P.Division No.8 20 pz,$24.00
7502208802255,Reyma Plato No. 8 20 pza,$25.00
7502208805218,Reyma Plato Hondo No.8 25 pza,$30.00
7502208805263,Reyma Plato No. 10 25 pza,$33.00
7501219111486,Primo Popotes 25 cm 150 pz,$30.00
7503012941727,Ksero Popotes 21 cm 50 pz,$15.00
7506425602759,Delsy Max Servilleta 100 pzas,$17.00
7506425602766,Delsy Max Servilleta 220 pzas,$36.00
7506425602773,Delsy Max Servilleta 450 pzas,$64.00
7501007704302,Petalo Servilleta 100 pzas,$20.00
7501943466364,Petalo Servilleta 220 pzas,$42.00
7506425600397,Petalo Servilleta 420 pzas,$66.00
7502247335226,Elite Servitoalla 180 Hojas,$27.00
7506425649495,Petalo Servitoalla 230 Hojas  ,$33.00
7501943473522,Vogue Servitoalla,$24.00
7502208800398,Reyma 25 Tapa 1 L Ranurado,$30.00
7502208802132,Reyma 25 Tapa 1 L Lisa,$35.00
7502208800503,Reyma Tazon 12 A,$24.00
7502208800510,Reyma 25 Tazon 8 oz,$19.00
7502208800244,Reyma Tazon 1/2 Litro,$32.00
7501431201088,Convermex 25 Vasos 8 oz,$19.00
7502208800190,Reyma 25 Vasos 10 oz,$20.00
7502208800206,Reyma 25 Vasos 12 oz,$22.00
7502208800213,Reyma 25 Vasos 14 oz,$28.00
7502208800220,Reyma 15 Vaso 1 L,$36.00
7502208800053,Reyma 50 Vasos 6 oz Plast,$36.00
7502208800077,Reyma 50 Vasos 8 oz Plast,$38.00
7502208800152,Reyma 25 Vaso 1/2 L Plast,$40.00
7502208800084,Reyma 50 Vasos 10 oz Plast,$43.00
7502208800091,Reyma 50 Vasos 12 oz Plast,$45.00
7502208800145,Reyma 25 Vasos 1L Plast,$75.00
7502208800107,Reyma 50 Vasos 14 oz  Plast,$48.00
7502208802651,Reyma 25 Vasos 16 oz  Plast Rojo,$50.00
7503000891287,Fuerte Cal Hidratada 1 kg,$14.00
7501206663158,Hermex Candado 30 mm,$42.00
7501206663127,Hermex Candado 40 mm,$55.00
7501206663134,Hermex Candado 50 mm,$75.00
710631905826,Coflex Cinta Teflon ,$15.00
7502252574108,iGoto Extension Electrica 2m,$45.00
7502252574122,iGoto Extension Electrica 5m,$60.00
7502252574146,iGoto Extension Electrica Domestico 10m,$85.00
7506401306428,iGoto Extension Electrica Uso Rudo 4m,$65.00
7506240683940,Volteck Extension Electrica 2m,$50.00
7506240683957,Volteck Extension Electrica 3m,$60.00
7506240683964,Volteck Extension Electrica 4m,$70.00
7501206663585,Volteck Extension Electrica 5m,$85.00
7501950160712,Eco Icon LED 5W Luz Blanca,$24.00
7501950006461,Eco Icon LED 9W Luz Blanca,$28.00
7501950109568,Eco Icon LED 15W Luz Blanca,$45.00
7501206621943,Trupper Hilo para Albañil 65 m,$25.00
41333428482,Duracell AAA 1 Pila,$30.00
41333666426,Duracell AA 1 Pila,$30.00
41333000985,Duracell D 2 Pilas,$150.00
41333000992,Duracell C 2 Pilas,$150.00
8888021206074,Energizer AA 1 Pila,$28.00
8888021206081,Energizer AAA 1 Pila,$28.00
39800011329,Energizer AA 4 Pilas,$108.00
39800099099,Energizer AAA 4 Pilas,$108.00
39800011398,Energizer D 2 Pilas,$140.00
39800011626,Eveready 9V 1 Pila,$60.00
7501037600018,Eveready D 2 Pilas,$60.00
7501037600032,Eveready C 2 Pilas,$60.00
7501037600056,Eveready AA 4 Pilas,$60.00
7501037601718,Eveready AAA 4 Pilas,$60.00
7503006714016,Repuesto Jesus Luz del Mundo 21,$24.00
602499132646,Veladora Mexico Michelada Aroma,$42.00
7506196231295,Veladora Mistica105P Liso Blanco,$43.00
7506196242017,Veladora Mistica Michelada Virgen,$42.00
744831157112,Veladora Fama Virgen de Gpe,$42.00
602499100263,Veladora Mexico Velas 8 pz,$60.00
7500435159395,Ace 800 ml,$43.00
7500435139977,Ariel Revitacolor 400 ml,$25.00
7500435159555,Ariel Revitacolor 800 ml,$50.00
7501026028007,Foca Liquido 1 L,$46.00
7501026028205,Foca Liquido 1 Gal,$142.00
7501199413006,Mas Color 415 ml,$25.00
7501199412931,Mas Oscura 415 L,$25.00
7501199413280,Mas Color 830 ml,$50.00
7501199413297,Mas Color Oscura 830 ml,$50.00
7501025404871,Pinol Jabon Liquido 828 ml,$30.00
7501026028304,Roma Liquido 1 L,$42.00
7501058715364,Vanish 420 ml,$38.00
7501058757463,Vanish White 435 ml,$38.00
7503002319529,Vanish 925 ml,$40.00
7501058751195,Vanish White 900 ml,$53.00
7509546045689,Vel Rosita 450 ml,$42.00
7501006705942,Ace 250 g,$18.00
7501007445557,Ace 500 g,$32.00
7500435245739,Ace 850 gr,$60.00
7501065908841,Ariel Doble Poder 250 g,$17.00
7501007455730,Ariel Doble Poder 500 g,$33.00
7500435120852,Ariel Doble Poder 850 g,$55.00
7500435153331,Ariel Revitacolor 850 g,$57.00
7501026026577,Foca 250 g,$14.00
7501026026560,Foca 500 g,$27.00
7501026026546,Foca 1 kg,$54.00
7501026004629,Roma 250 g,$13.00
7501026004612,Roma 500 g,$26.00
7501026004605,Roma 1 kg,$52.00
75011246,Alamo Potasa Lejia,$54.00
7501025413002,Ensueño F. Primaveral 850 ml,$31.00
7501025414153,Ensueño Bebe 850 ml,$31.00
7501025414030,Ensueño F. Verano 850 ml,$31.00
7501025414108,Ensueño Sensacion Natural 850 ml,$31.00
7509546017808,Suavitel F.P 450 ml,$25.00
7509546017815,Suavitel Sol 450 ml,$25.00
7509546016306,Suavitel F.P 850 ml,$35.00
7509546016313,Suavitel Sol 850 ml,$35.00
7509546050102,Suavitel Anochecer 850 ml,$35.00
7509546043579,Suavitel Baby 850 ml,$35.00
7509546680132,Suavitel Complete F.P 700 ml,$28.00
7509546680156,Suavitel Complete Acqua 700 ml,$28.00
7509546680118,Suavitel Complete Anochecer 700 ml,$28.00
7509546680163,Suavitel Complete Fresco Sol 700 ml,$28.00
7509546044408,Suavitel Complete F.P 450 ml,$25.00
7509546017143,Axion Limon 400 ml,$25.00
7509546663357,Axion Limon 640 ml,$38.00
7509546076171,Axion Toque Crema 640ml,$58.00
7509546076218,Axion TriCloro 640 ml,$58.00
7509546076201,Axion Complete Antibacterial 640ml,$58.00
7509546078397,Axion Complete ArrancaGrasa 640ml,$58.00
7509546657981,Axion Limon 1.4 L,$68.00
7509546073644,Axion Limon 1.1 L,$76.00
7506195196984,Salvo Limon 300 ml,$26.00
7500435108256,Salvo Limon 500 ml,$44.00
7506339304824,Salvo Limon 750 ml,$66.00
7506195197004,Salvo Limon 900 ml,$77.00
7506309807904,Salvo Alt. Cloro 750 ml,$75.00
7509546073422,Axion Limon 720 g,$45.00
7500435161008,Salvo Multiusos 250 g,$16.00
7501001130657,Salvo Limon 500 g,$40.00
7500435161299,Salvo Multiusos Limon 900 g,$60.00
7506195169995,Salvo Limon 1 kg,$65.00
7501042300422,Muriatex Acido Muriatico 750 ml,$35.00
7501058716552,Harpic 200 ml,$25.00
7501058751119,Harpic Power Ultra 750 ml,$68.00
7501058711892,Harpic White & Shine 750 ml,$68.00
7501032935504,Mr. Musculo Pastilla 40 g,$22.00
7706800227007,Mr. Musculo Antihongos 500 ml,$56.00
7501032935603,Pato Pastilla 40 g,$28.00
7501032970079,Mr. Musculo Drano Max 946 ml,$145.00
7501032902735,Pato Limpiador Liquido Gel 500 ml,$55.00
7706800790594,Mr. Musculo Cocina N 650 ml,$60.00
7706800045229,Mr. Musculo Cocina L 650 ml,$60.00
7501058770110,Easy-Off 238 g,$84.00
7509546074078,Ajax Pino 1 L,$32.00
7501035910072,Ajax Bicloro 388 g,$48.00
7501035905054,Ajax Amonia 1 L,$54.00
75001162,Fabuloso Freco Lavanda 500 ml,$26.00
75001186,Fabuloso Frescura Profunda 500 ml,$26.00
7509546008295,Fabuloso Pasion de Frutas 1 L,$40.00
7509546006437,Fabuloso Aroma de Bebe 1 L,$40.00
7501035910096,Fabuloso Fresco Amanecer 1 L,$40.00
7509546048208,Fabuloso Floral 1 L,$40.00
7501035910034,Fabuloso Fresca Lavanda 1 L,$40.00
7501035910041,Fabuloso Mar Fresco 1 L,$40.00
7509546008202,Fabuloso Energia Naranja 1 L,$40.00
7509546051956,Fabuloso Alternativa al Cloro 1 L,$40.00
7501025403010,Pinol Original 250 ml,$15.00
7501025403027,Pinol Original 500 ml,$22.00
7501025400187,Pinol Floral 828 ml,$32.00
7501025462017,Pinol Original 828 ml +172 ml,$32.00
7501025403485,Pinol Original 828,$32.00
7501025403904,Pinol Therapy Fresh 828 ml,$32.00
7501025456320,Pinol Original Floral 828 ml,$36.00
7501025404970,Pinol Original 1.8 L,$62.00
7501071900204,Poett Lavanda 900 ml,$26.00
7501071906992,Poett Musica en Primavera  900 ml,$26.00
7501071901355,Poett Suavidad de Algodon  900 ml,$26.00
7501071900280,Poett Flores de Primavera  900 ml,$26.00
7501071907616,Poett Inspiracion Tropical  900 ml,$26.00
7501071901287,Poett Suavidad de Bebe 900 ml,$26.00
7501071906947,Poett Alegra tu dia 900 ml,$26.00
7706800148203,Mr. Musculo Vidrios 500 ml,$55.00
7502242342625,Ani Kill Gel Cebo Cucaracha 30 g,$155.00
7501032920371,Baygon Casa y Jardin 285 ml,$73.00
7501032917616,Baygon Verde Liquido 510 ml,$77.00
7501032907570,Baygon Casa y Jardin 400 ml,$95.00
7501032903572,Baygon Ultra Verde 400 ml,$90.00
7501021121161,H24 Domestico con Atomizador 480 ml,$97.00
7501021120829,H24 Mata Cucarachas e Insectos 480ml,$97.00
7501021116563,H24 Poder Total 489,$102.00
7591005574007,Raid Raidolitos 10 pzas,$25.00
7501032920425,Raid Max 285 ml,$95.00
7501032920401,Raid Casa y Jardin 285 ml,$95.00
7501032925550,Raid Mata Moscas 400 ml,$120.00
7501032930455,Raid Casa y Jardin 400 ml,$120.00
7501032903596,Raid Max 400 ml,$120.00
7502242342014,Rat Kill 20 g,$25.00
7502242342212,Rat Kill Adhesivo Chica,$40.00
7502242342229,Rat Kill Adhesivo Grande,$70.00
7503002073025,Rati-Gum Mod 1823,$20.00
72868002014,Victor Trampa para Raton Gde,$70.00
706460000740,Whiskas Parrillada Mixta 85 g,$14.00
706460000672,Whiskas Pavo 85 g,$14.00
706460000658,Whiskas Pollo 85 g,$14.00
706460000689,Whiskas Res 85 g,$14.00
706460000641,Whiskas Salmon 85 g,$14.00
706460000702,Whiskas Pescado Blanco 85 g,$14.00
7501072210265,Dog Chow Adulto Carne 100g,$14.00
17800171267,Dog Chow Adulto Pollo 100g,$14.00
7501072210258,Dog Chow Cachorro Pollo 100g,$14.00
7501072210234,Dog Chow Adulto RP Carne 100g,$14.00
7501072210289,Dog Chow Adulto Pollo 100g,$14.00
7501072213785,Dog Chow Cachorro Carne 100g,$14.00
706460249484,Pedigree Small Res 100 g,$14.00
706460249286,Pedigree Small Pollo 100 g,$14.00
706460249279,Pedigree Adult Res 100 g,$14.00
706460249231,Pedigree Adult Pollo 100 g,$14.00
706460249316,Pedigree Puppy Res 100 g,$14.00
706460249361,Pedigree Puppy Pollo 100 g,$14.00
7506174510732,Pedigree Adult Cordero 100 g,$14.00
706460236125,Pedigree Adult Res Filet 375g,$46.00
706460235821,Pedigree Adult Res Filet 625g,$62.00
7501022107027,Grisi El Perro Consentido,$38.00
7501022107034,Grisi Jabon Antipulgas 100 g,$38.00
7501228822694,Selanusa Silicon 100 ml,$36.00
7501102610003,Krazy Kola Loka Precision 2 g,$30.00
7501102630001,Plasti Loka 20 g,$30.00
7501102614001,Krazy Kola Loka Goterito 3.5 g,$33.00
7501102614322,Krazy Kola Loka 5 g,$37.00
7702111465701,Norma Pegamento Invisible 42ml,$17.00
75005733,Pritt 11 g,$20.00
75006679,Pritt 22 g,$32.00
7501199472485,Pritt 42 g,$53.00
7501199420110,Resistol 850 35 g,$18.00
7501199420097,Resistol 850 55 g,$28.00
7501199420080,Resistol 850 110 g,$35.00
7501028832060,Resistol 5000 21 ml,$52.00
17501228806462,Selanusa Alfiler Dorado 3/0,$15.00
767106101368,Seralon Hilo Col. 4000,$15.00
767106100019,Seralon Hilo Col. 2000,$15.00
767106100033,Seralon Hilo Col. 3000,$15.00
37431891631,Singer Agujas 14,$40.00
7501174972306,Baco Borrador Pizarron,$18.00
7501015213209,Pelikan Borrador WS 30,$10.00
7501015213230,Pelikan Borrador M 20,$10.00
7502244711474,Corona Brocha 1 1/2 pulg,$20.00
7501206676929,Pretul Brocha 1/2 pulg,$10.00
7501206674925,Pretul Brocha 1 pulg,$15.00
7501206674949,Pretul Brocha 2 pulg,$25.00
7501206674963,Pretul Brocha 3 pulg,$32.00
7501428709580,Azor Cuenta Facil 14 g,$15.00
7501035102422,Janel 12 mm X 33 m,$10.00
7501035102446,Janel 18 mm X 33 m,$15.00
7501035109810,Janel Krystal 12 mm X 30 mm,$17.00
7501035102453,Janel 18 mm X 65 m,$20.00
7501035109827,Janel Krystal 18 mm X 30 mm,$22.00
7501035113695,Janel Masking Tape 12 mm X 50 m,$25.00
7501035113701,Janel Masking Tape 18 mm X 50 m,$30.00
7501035113718,Janel 24 Masking Tape 24mm X 50 m,$35.00
7501035101715,Janel Doble Cara 12 mm X 50 m,$40.00
7501035110663,Janel Ducto 48 mm X 10 m,$55.00
721672027217,Tuk 12 mm X 33 m,$13.00
721672027224,Tuk 18 mm X 33 m,$18.00
721672027248,Tuk 18 mm X 65 m,$35.00
721672001101,Tuk 24 mm X 50 m,$48.00
721672000302,Tuk Ducto 48 mm X 10 m,$75.00
7501147415045,Blanca Nieves Colores 12 pza,$38.00
7501147410217,Mapita Colores 12 pza 1/2,$19.00
7872571235906,Smart Cinta Corrector 8mts,$32.00
7501015216729,Pelikan Corrector 20 ml,$17.00
7501015216033,Pelikan Pluma Correctora 7ml,$30.00
7501058201034,Crayola Crayones 12 pzas,$30.00
7501058201423,Crayola Crayones Jumbo 12 pzas,$50.00
7501058201058,Crayola Crayones 24 pzas,$60.00
7501058201430,Crayola Crayones Jumbo 24 pzas,$94.00
7503027214427,1HORA Cable Lightning USB B,$80.00
7503027214397,1HORA Cable Micro USB,$80.00
7503027214403,1HORA Cable Micro USB Tipo C,$80.00
7503027214007,1HORA Cargador Combo Micro USB,$120.00
7503027214052,1HORA Cargador Combo Tipo C,$120.00
4713218468796,ADATA 16 GB,$110.00
4713435796849,ADATA MicroSD 64GB,$120.00
4713435791905,ADATA 32 GB,$130.00
721672003907,Tuk Cinta Aislar 19mmx18m,$25.00
7501206658253,Volteck Portalampara + 2 C,$30.00
7501206658093,Volteck Calentador Agua 18 L,$65.00
7502266677154,Vorago Cargador Pared,$70.00
7502266674245,Vorago Cargador Auto,$70.00
7502266674009,Vorago Cable Micro USB,$70.00
7502266674023,Vorago Cable Axuliar 3.5 mm,$70.00
7502266674146,Vorago Cable Lightning USB B,$70.00
7502266677598,Vorago Cable Micro USB Tipo C,$80.00
767982000243,Pilot Grapa Estandar 5000 pz,$70.00
7502285733404,Jumbo Mini Engrapadora 500,$50.00
787257111948,Smart Mini Engrapadora 1000,$55.00
7502285731998,Jumbo Engrapadora PEN4,$78.00
7502285732018,Jumbo Cortador PCU2,$12.00
7501214913573,Delta Cortador PCU3,$18.00
7506129430924,Scribe Escolar Plus,$32.00
7506129430849,Scribe Escolar Plus CuadroCh 100,$32.00
7506129430801,Scribe Escolar Plus Raya,$32.00
7501210200240,Payaso Ligas Natural No. 18,$25.00
7501210200271,Payaso Ligas Colores No. 10,$25.00
7501210200288,Payaso Ligas Colores No. 18,$25.00
7501210200233,Payaso Ligas Natural No. 10,$25.00
7502285732476,Jumbo Lupa Aro Met PLU3,$45.00
7501214978039,Barrilito MarcaTexto Amarillo,$10.00
71641041769,Esterbrook Azul,$42.00
71641041783,Esterbrook Rojo,$42.00
7502282686246,Indra Pincelin 12 pzas,$35.00
5401178076388,Sharpie Rojo,$25.00
5401178076364,Sharpie Azul,$25.00
5401178324311,Sharpie Negro Doble Punta,$30.00
5401178324328,Sharpie Azul Doble Punta,$30.00
7501015210192,Pelikan Mina Grafito 0.5,$15.00
7501015216798,Pelikan Mina Grafito 0.7,$15.00
7501035102811,Janel Memo Tip 400 Hojas,$50.00
7501357016506,ACCO Clips Standard No 1 100pzas,$18.00
7501214911555,Barrilito Pelicula 45cm X 2m,$35.00
7501214999409,Barrilito Pelicula 45 cm X 3m,$45.00
7501214925217,Barrilito Baraja Poker NP54,$45.00
7501214929093,Barrilito Baraja Española,$45.00
7506129403843,Scribe Papel Multiusos Carta 50,$35.00
658838000015,Dolar Remision Original,$12.00
602760000278,Estrella Block Remision Original,$15.00
602760000520,Estrella Libreta Bolsillo 100 Hojas,$18.00
602760000339,Estrella Block Taquigrafia ,$18.00
7501608620070,Block para Rifa c/100 Num,$20.00
7501086106059,Cartucho Repuesto Tokai,$20.00
748622172773,Gallo Loteria Tablas-Napies,$30.00
748622170847,Naipes Loteria Gallo,$45.00
11220110,Fichas 100 Gde,$48.00
7502278541122,Fortec Sobre COIN 100 pza,$100.00
7506129403867,Scribe 5904 100 hojas,$58.00
7502233377537,Scribe FotoBond 500 hojas,$130.00
7501214973065,Barrilito Perforadora 803-6mm,$53.00
7501174967517,Baco Acuarelas 12 Color,$20.00
15877000015,Philadelphia 1 Blanco,$52.00
15877000114,Philadelphia 11 Negro,$52.00
15877000145,Philadelphia 14 Cafe Claro,$52.00
15877000176,Philadelphia 17 Cafe Clasico,$52.00
15877000183,Philadelphia 18 Cafe Oscuro,$52.00
7501214970323,Barrilito Pistola Silicon GG7032,$150.00
7501214970309,Delta Pistola Silicon GG7030,$80.00
7501174965018,Baco Plastilina Colores 10 Barras,$20.00
7501214922971,Barrilito Sacapuntas SPT38B,$27.00
7501523713017,Nassa Sobre Mini Blanco,$50.00
7501523713031,Nassa Sobre No.3 Blanco,$50.00
7501214971900,Barrilito Tijera Escolar B60,$18.00
7501214971931,Barrilito Tijera TCO-5,$28.00
7501214971962,Barrilito Tijera TCO-8,$40.00
7501214974574,Barrilito Tijera T5,$60.00
7501214974512,Barrilito Tijera T6,$70.00
7501214974536,Barrilito Tijera T8,$85.00
7501214958017,Delta Tijeras Escolares D100,$14.00
7501214971924,Delta Tijeras Escolares D10,$14.00
7501214958055,Delta Tijera D-7B,$75.00
7502285731349,Jumbo Tijera Escolar,$18.00
7502285731318,Jumbo Tijera PTIJ2,$60.00
7501553916082,Alegria 12 Velas,$15.00
7501168710907,Fiesta Magica Vela de Colores,$25.00
750641007734,Vela Chispa,$25.00
611042000011,El Norte,$30.00
611042000141,El Norte Domingo,$30.00
611042000028,Metro,$10.00
7501071140815,Squirt Sin Azucar 355 ml,$12.00
7500810008874,Barcel Hot-Nuts Original 82 g,$17.00
7500810008881,Barcel Hot-Nuts Fuego 82 g,$17.00
7501878707655,Naturalmilk Crema Miel Avena 371 ml,$30.00
75078898,Axion Limon 220 ml,$16.00
7501428724095,Azor Magistral Didactico Azul,$30.00
7501428724101,Azor Magistral Didactico Negro,$30.00
7503009733793,El Gallo Duritos 20 pza,$65.00
7502208800237,Reyma 20 Vasos 16 oz,$28.00
7500810033951,Submarinos Choco Avellana 50g,$10.00
7509552876406,Obao Men Tattoo 65 g,$40.00
7501071307676,Isadora Frijoles Bayos 220 g,$14.00
7501199416168,Xtreme Gel 200 g,$28.00
757528038205,Barcel Takis Fuego 200 g,$37.00
7501031302376,Lipton Te Verde 600 ml,$20.00
7500810022061,Bimbo Integral G 620 g,$50.00
7501071908514,Clorox 1.16 L,$18.00
7500810027271,Del Hogar Tortillas de Harina 15pz,$23.00
7500810032985,Bimbo Blanco Ch 300 g,$25.00
7501000101238,Wonder Pan para Hamburguesa 540 g,$60.00
7503030572415,Wonder Pan para Hot Dogs 526 g,$60.00
7500810022719,Wonder 12 Granos 600 g,$60.00
7500810037881,Marinela Gansito Premio 50 g,$20.00
10248765241,Yemina Spaghetti 200 g,$10.00
7503019522035,Gladiador Popotes 23 cm 25 pz,$28.00
7503019522004,Gladiador Popotes 21 cm 50 pz,$28.00
7501040078019,La Villita Manchego Rallado 170 g,$44.00
7501972404405,FerPlast Cubeta No.10,$30.00
71641301016,Sharpie Negro,$25.00
71641041752,Esterbrook Negro,$42.00
7500810032978,Bimbo Integral Ch 300 g,$28.00
7500478042319,Churrumais Flamin Hot 70 g,$16.00
7506196296867,Nevada Veladora Limonero,$30.00
7501200483158,Pronto Harina HotCakes Inst 180g,$38.00
7622210267832,Halls Yerbabuena 9 pza,$10.00
75075200,Bubbaloo Mora Acida,$2.00
75073237,Bubbaloo Piña Chamoy,$2.00
75038823,Orbit Hierba Buena,$3.00
75039394,Orbit Menta,$3.00
75038762,Orbit Fresa,$3.00
75040437,Orbit Polar Mint,$3.00
7500810026014,Del Hogar Tortillas de Harina 15pz,$15.00
7500478022502,Emperador Piruetas 115 g,$22.00
7506306249776,Sedal Ceramidas 180 ml,$25.00
7622210574091,Philadelphia 120 g,$32.00
7500478038794,Gamesa Ricanelas 113 g,$20.00
7501005114288,Knorr Arroz Primavera 155 g,$40.00
8719200223462,Primavera Sin Sal 110 g,$30.00
7622210267825,Halls Colors 9 pza,$10.00
7500810033296,Bimbo Panque Chox 315 g,$40.00
7503013673023,Anguiplast Bolsa Camiseta Mini 1Kg,$52.00
7503013673030,Anguiplast Bolsa Camiseta Ch 1Kg,$52.00
7503013673047,Anguiplast Bolsa Camiseta Med 1Kg,$52.00
7503013673153,Anguiplast Bolsa Camiseta Gde 1Kg,$52.00
7503013673085,Anguiplast Bolsa Camiseta Jumbo 1Kg,$52.00
7500478022373,Emperador Senzo Choco 117g,$22.00
7500478026579,Gamesa Florentinas Cajeta 110 g,$20.00
7500810032763,Marinela Pingüinos Enigma 80 g,$22.00
7500478015740,Gamesa Crackets 95 g,$18.00
7502226817170,Skittles Original 54.5 g,$20.00
7502226817293,Skittles Moras 54.5 g,$20.00
725181105015,Skwinkles Clasicos Chamoy 19.5g,$10.00
7501011155343,Cheetos Palomitas 29 g,$15.00
7622210571083,Trident Extra Strong 10 pza,$12.00
7501000101412,Wonder Pan para Hot Dogs 8 pza,$48.00
7501013105780,Jumex Manzana 0 Azucar 960 ml,$32.00
7501000658220,Gamesa Chocolatines 42 g,$13.00
7500810005057,Barcel Pop Karameladas 110g,$17.00
7501578550018,Nor Ver Avena 400 g,$18.00
7501943494732,Kleenex Pañuelos 90 pzas,$26.00
7501030457190,Marinela Mini Barritas Fresa 222 g,$32.00
7501030457183,Marinela Mini Barritas Piña 222 g,$32.00
7500478005512,Gamesa Crackets 135 g,$20.00
7501055377411,Joya Ponche Vidrio 355 ml,$13.00
7501055377473,Joya Ponche Vidrio 500 ml,$16.00
7501055377404,Joya Durazno Vidrio 355 ml,$13.00
7622210571908,Tang Limon caja con 8 sobres,$40.00
7501531905725,Monarca Papel Aluminio 8,$18.00
7500478008964,Gamesa Chokis 142.5 g,$30.00
7503023836142,Vuala 60 g,$20.00
17929111014,Tradi Pan Levadura 55 g,$25.00
7500478027408,Doritos Dinamita Flamin Hot Bolzaza 125g,$28.00
730399004029,Bokaditas 70 g,$18.00
7501073831896,Peñafiel Mandarina 600 ml,$20.00
7502208802484,Reyma 50 Tapa 10 Oz Lisa,$30.00
7502271917696,Skwinkles Chunks Sandia 45g,$20.00
51131611375,Scotch Cinta Con Dispensador,$38.00
7501125177637,Electrolit Pedriatico Fresa 300 ml,$30.00
75036492,Lady Speed Stick Floral Fresh 30 ml,$18.00
75036508,Speed Stick Xtreme Night 30 ml,$18.00
730399024980,Bokados Gira-Solito 100 g,$18.00
7500478044290,Cheetos Torciditos Bolzaza 115g,$28.00
7501020535532,Lala Margarina  Sin Sal 90 g,$20.00
7502208804600,Reyma Bolsa Rollo 20x30 cm,$50.00
7502208804624,Reyma Bolsa Rollo 25x40 cm,$85.00
7501040005855,Fud Chorizo con Pavo 200 g,$24.00
7501431201064,Convermex 25 Vasos 6 oz,$18.00
11220109,Fichas 100 Ch,$38.00
7501055333950,Del Valle Pulpy Mango 400,$16.00
7501055361861,Del Valle Pulpy Durazno 400,$16.00
7500810032251,Marinela Triki-Trakes Bombon 85 g,$18.00
7500810039045,Marinela Hersheys Pastelito 40 g,$15.00
7502268541446,Electrolit Zero Mora Azul 625 ml,$28.00
7501125187179,Electrolit Guayaba 625 ml,$28.00
7503041640264,Electrolit Uva 355 ml,$20.00
7501013107289,Jumex iTo Mix Manzana 200 ml,$11.00
75006082,Muriatex Acido Muriatico 750 ml,$22.00
7501003339829,McCormick Te Verde Sabor Mandarina 35 g,$40.00
7501020563726,Lala Yoghurt Durazno 900 g,$59.00
7501020563771,Lala Yoghurt Natural 900 g,$59.00
7506475117876,Nesquik Chochocolate 185 ml,$16.00
7500326103407,Barrilitos Durazno 2 L,$38.00
40267647,UHU Pegamento 7 ml,$30.00
7622210571175,Bubbaloo Rollo Fresa,$30.00
7506192509084,Amper Kalaca 473 ml,$22.00
744831150915,Fama Limonero,$30.00
730399007549,Bokados Prispas 130 g,$30.00
